-- phpMyAdmin SQL Dump
-- version 4.7.0
-- https://www.phpmyadmin.net/
--
-- Hôte : 127.0.0.1
-- Généré le :  Dim 24 sep. 2017 à 17:31
-- Version du serveur :  10.1.25-MariaDB
-- Version de PHP :  7.1.7

SET SQL_MODE = "NO_AUTO_VALUE_ON_ZERO";
SET AUTOCOMMIT = 0;
START TRANSACTION;
SET time_zone = "+00:00";


/*!40101 SET @OLD_CHARACTER_SET_CLIENT=@@CHARACTER_SET_CLIENT */;
/*!40101 SET @OLD_CHARACTER_SET_RESULTS=@@CHARACTER_SET_RESULTS */;
/*!40101 SET @OLD_COLLATION_CONNECTION=@@COLLATION_CONNECTION */;
/*!40101 SET NAMES utf8mb4 */;

--
-- Base de données :  `bdd_serious_game`
--

-- --------------------------------------------------------

--
-- Structure de la table `avatar`
--

CREATE TABLE `avatar` (
  `id_avt` int(10) NOT NULL,
  `nom_img` varchar(50) COLLATE utf8_bin NOT NULL,
  `taille_img` varchar(25) COLLATE utf8_bin NOT NULL,
  `type_img` varchar(25) COLLATE utf8_bin NOT NULL,
  `blob_img` blob NOT NULL,
  `id_util` int(10) DEFAULT NULL
) ENGINE=InnoDB DEFAULT CHARSET=utf8 COLLATE=utf8_bin;

-- --------------------------------------------------------

--
-- Structure de la table `a_repondue`
--

CREATE TABLE `a_repondue` (
  `id_util` int(10) NOT NULL,
  `id_q` int(10) NOT NULL
) ENGINE=InnoDB DEFAULT CHARSET=utf8 COLLATE=utf8_bin;

--
-- Déchargement des données de la table `a_repondue`
--

INSERT INTO `a_repondue` (`id_util`, `id_q`) VALUES
(1, 41),
(1, 56),
(1, 99),
(1, 100),
(1, 101),
(1, 102),
(1, 159),
(6, 5),
(6, 16),
(6, 17),
(6, 18),
(6, 19),
(6, 20),
(6, 26),
(6, 27),
(6, 29),
(6, 30),
(6, 31),
(6, 33),
(6, 40),
(6, 41),
(6, 43),
(6, 44),
(6, 46),
(6, 47),
(6, 48),
(6, 49),
(6, 50),
(6, 51),
(6, 52),
(6, 53),
(6, 54),
(6, 56),
(6, 57),
(6, 58),
(6, 59),
(6, 60),
(6, 61),
(6, 62),
(6, 63),
(6, 64),
(6, 65),
(6, 66),
(6, 67),
(6, 69),
(6, 70),
(6, 71),
(6, 73),
(6, 80),
(6, 83),
(6, 100),
(6, 101),
(6, 116),
(6, 122),
(6, 124),
(6, 126),
(6, 140),
(6, 143),
(6, 145),
(6, 151),
(6, 152),
(6, 153),
(6, 154),
(6, 159),
(6, 167),
(6, 168),
(6, 172),
(6, 174),
(6, 175),
(6, 176),
(7, 5),
(7, 30),
(7, 34),
(7, 38),
(7, 46);

-- --------------------------------------------------------

--
-- Structure de la table `a_un_score_de`
--

CREATE TABLE `a_un_score_de` (
  `id_util` int(10) NOT NULL,
  `id_mat` int(10) NOT NULL,
  `nb_point` decimal(4,2) NOT NULL DEFAULT '10.00'
) ENGINE=InnoDB DEFAULT CHARSET=utf8 COLLATE=utf8_bin;

--
-- Déchargement des données de la table `a_un_score_de`
--

INSERT INTO `a_un_score_de` (`id_util`, `id_mat`, `nb_point`) VALUES
(1, 1, '10.00'),
(1, 2, '10.00'),
(1, 3, '10.00'),
(1, 4, '10.00'),
(1, 5, '10.00'),
(1, 6, '13.00'),
(1, 7, '10.00'),
(2, 1, '10.00'),
(2, 2, '10.00'),
(2, 3, '10.00'),
(2, 4, '10.00'),
(2, 5, '10.00'),
(2, 6, '0.00'),
(2, 7, '0.00'),
(3, 1, '0.00'),
(3, 2, '0.00'),
(3, 3, '0.00'),
(3, 4, '0.00'),
(3, 5, '0.00'),
(3, 6, '0.00'),
(3, 7, '0.00'),
(6, 1, '3.93'),
(6, 2, '7.00'),
(6, 3, '6.25'),
(6, 4, '16.35'),
(6, 5, '4.38'),
(6, 6, '8.00'),
(6, 7, '10.00'),
(7, 1, '15.00'),
(7, 2, '10.00'),
(7, 3, '10.00'),
(7, 4, '10.00'),
(7, 5, '10.00'),
(7, 6, '10.00'),
(7, 7, '10.00'),
(8, 1, '10.00'),
(8, 2, '10.00'),
(8, 3, '10.00'),
(8, 4, '10.00'),
(8, 5, '10.00'),
(8, 6, '10.00'),
(8, 7, '10.00'),
(9, 1, '10.00'),
(9, 2, '10.00'),
(9, 3, '10.00'),
(9, 4, '10.00'),
(9, 5, '10.00'),
(9, 6, '10.00'),
(9, 7, '10.00'),
(11, 1, '10.00'),
(11, 2, '10.00'),
(11, 3, '10.00'),
(11, 4, '10.00'),
(11, 5, '10.00'),
(11, 6, '10.00'),
(11, 7, '10.00'),
(12, 1, '10.00'),
(12, 2, '10.00'),
(12, 3, '10.00'),
(12, 4, '10.00'),
(12, 5, '10.00'),
(12, 6, '10.00'),
(12, 7, '10.00'),
(15, 1, '10.00'),
(15, 2, '10.00'),
(15, 3, '10.00'),
(15, 4, '10.00'),
(15, 5, '10.00'),
(15, 6, '10.00'),
(15, 7, '10.00'),
(16, 1, '10.00'),
(16, 2, '10.00'),
(16, 3, '10.00'),
(16, 4, '10.00'),
(16, 5, '10.00'),
(16, 6, '10.00'),
(16, 7, '10.00'),
(17, 1, '10.00'),
(17, 2, '10.00'),
(17, 3, '10.00'),
(17, 4, '10.00'),
(17, 5, '10.00'),
(17, 6, '10.00'),
(17, 7, '10.00'),
(18, 1, '10.00'),
(18, 2, '10.00'),
(18, 3, '10.00'),
(18, 4, '10.00'),
(18, 5, '10.00'),
(18, 6, '10.00'),
(18, 7, '10.00');

-- --------------------------------------------------------

--
-- Structure de la table `demande_ami`
--

CREATE TABLE `demande_ami` (
  `id_dem` int(10) NOT NULL,
  `id_rec` int(10) NOT NULL,
  `date_envoie` datetime NOT NULL DEFAULT CURRENT_TIMESTAMP
) ENGINE=InnoDB DEFAULT CHARSET=utf8 COLLATE=utf8_bin;

-- --------------------------------------------------------

--
-- Structure de la table `demande_defi`
--

CREATE TABLE `demande_defi` (
  `id_dem` int(10) NOT NULL,
  `id_rec` int(10) NOT NULL,
  `date_envoie` datetime NOT NULL DEFAULT CURRENT_TIMESTAMP,
  `id_q` int(10) NOT NULL
) ENGINE=InnoDB DEFAULT CHARSET=utf8 COLLATE=utf8_bin;

--
-- Déchargement des données de la table `demande_defi`
--

INSERT INTO `demande_defi` (`id_dem`, `id_rec`, `date_envoie`, `id_q`) VALUES
(1, 2, '2017-09-22 18:07:31', 100),
(1, 3, '2017-09-22 15:45:38', 101),
(6, 1, '2017-09-23 15:38:52', 19),
(6, 2, '2017-09-22 13:10:38', 54),
(6, 3, '2017-09-22 21:09:07', 159),
(6, 7, '2017-09-24 17:57:53', 101),
(6, 8, '2017-09-24 18:30:22', 100);

-- --------------------------------------------------------

--
-- Structure de la table `filiere`
--

CREATE TABLE `filiere` (
  `id_fil` int(10) NOT NULL,
  `nom_fil` varchar(50) COLLATE utf8_bin NOT NULL
) ENGINE=InnoDB DEFAULT CHARSET=utf8 COLLATE=utf8_bin;

--
-- Déchargement des données de la table `filiere`
--

INSERT INTO `filiere` (`id_fil`, `nom_fil`) VALUES
(1, 'Informatique'),
(2, 'Biologie'),
(3, 'Géographie et aménagement'),
(4, 'Histoire'),
(5, 'Lettre'),
(6, 'Langues étrangères appliquées'),
(7, 'Droit'),
(8, 'Economie et gestion'),
(9, 'Mathématiques'),
(10, 'Physique/Chimie'),
(11, 'Science et Vie de la Terre');

-- --------------------------------------------------------

--
-- Structure de la table `force_et_faiblesse`
--

CREATE TABLE `force_et_faiblesse` (
  `id_fil` int(10) NOT NULL,
  `id_mat` int(10) NOT NULL,
  `xp_recu` float NOT NULL
) ENGINE=InnoDB DEFAULT CHARSET=utf8 COLLATE=utf8_bin;

--
-- Déchargement des données de la table `force_et_faiblesse`
--

INSERT INTO `force_et_faiblesse` (`id_fil`, `id_mat`, `xp_recu`) VALUES
(1, 1, 1.5),
(1, 2, 1),
(1, 3, 1.5),
(1, 4, 1.5),
(1, 5, 1),
(1, 6, 0.5),
(1, 7, 1),
(2, 1, 1.5),
(2, 2, 0.5),
(2, 3, 1.5),
(2, 4, 1.5),
(2, 5, 1),
(2, 6, 1),
(2, 7, 1),
(3, 1, 1),
(3, 2, 1.5),
(3, 3, 1),
(3, 4, 0.5),
(3, 5, 1),
(3, 6, 1),
(3, 7, 1.5),
(4, 1, 1),
(4, 2, 1.5),
(4, 3, 0.5),
(4, 4, 1),
(4, 5, 1.5),
(4, 6, 1.5),
(4, 7, 1.5),
(5, 1, 0.5),
(5, 2, 1.5),
(5, 3, 1),
(5, 4, 1),
(5, 5, 1.5),
(5, 6, 1.5),
(5, 7, 1.5),
(6, 1, 0.5),
(6, 2, 1.5),
(6, 3, 1),
(6, 4, 1),
(6, 5, 1.5),
(6, 6, 1.5),
(6, 7, 1.5),
(7, 1, 1),
(7, 2, 1.5),
(7, 3, 1),
(7, 4, 0.5),
(7, 5, 1),
(7, 6, 1.5),
(7, 7, 1.5),
(8, 1, 1),
(8, 2, 1.5),
(8, 3, 1),
(8, 4, 0.5),
(8, 5, 1),
(8, 6, 1.5),
(8, 7, 1.5),
(9, 1, 1.5),
(9, 2, 1),
(9, 3, 1.5),
(9, 4, 1.5),
(9, 5, 0.5),
(9, 6, 1),
(9, 7, 1),
(10, 1, 1.5),
(10, 2, 1),
(10, 3, 1.5),
(10, 4, 1.5),
(10, 5, 1),
(10, 6, 1),
(10, 7, 0.5),
(11, 1, 1.5),
(11, 2, 0.5),
(11, 3, 1.5),
(11, 4, 1.5),
(11, 5, 1),
(11, 6, 1),
(11, 7, 1);

-- --------------------------------------------------------

--
-- Structure de la table `liste_ami`
--

CREATE TABLE `liste_ami` (
  `id_ami1` int(10) NOT NULL,
  `id_ami2` int(10) NOT NULL
) ENGINE=InnoDB DEFAULT CHARSET=utf8 COLLATE=utf8_bin;

--
-- Déchargement des données de la table `liste_ami`
--

INSERT INTO `liste_ami` (`id_ami1`, `id_ami2`) VALUES
(1, 6),
(6, 1),
(6, 7),
(6, 8),
(7, 6),
(7, 8),
(8, 6),
(8, 7);

-- --------------------------------------------------------

--
-- Structure de la table `matiere`
--

CREATE TABLE `matiere` (
  `id_mat` int(10) NOT NULL,
  `titre_mat` varchar(20) COLLATE utf8_bin NOT NULL
) ENGINE=InnoDB DEFAULT CHARSET=utf8 COLLATE=utf8_bin;

--
-- Déchargement des données de la table `matiere`
--

INSERT INTO `matiere` (`id_mat`, `titre_mat`) VALUES
(1, 'Arts et Littérature'),
(2, 'Sciences et Nature'),
(3, 'Histoire'),
(4, 'Géographie'),
(5, 'Mathématiques'),
(6, 'Informatique'),
(7, 'Physique et Chimie');

-- --------------------------------------------------------

--
-- Structure de la table `message_prive`
--

CREATE TABLE `message_prive` (
  `id_dem` int(10) NOT NULL,
  `id_rec` int(10) NOT NULL,
  `date_envoie` datetime NOT NULL DEFAULT CURRENT_TIMESTAMP,
  `message` text COLLATE utf8_bin NOT NULL
) ENGINE=InnoDB DEFAULT CHARSET=utf8 COLLATE=utf8_bin;

--
-- Déchargement des données de la table `message_prive`
--

INSERT INTO `message_prive` (`id_dem`, `id_rec`, `date_envoie`, `message`) VALUES
(6, 7, '2017-09-24 12:58:17', 'Pouet'),
(8, 7, '2017-09-24 13:02:00', 'Testouille');

-- --------------------------------------------------------

--
-- Structure de la table `question`
--

CREATE TABLE `question` (
  `id_q` int(10) NOT NULL,
  `description` text COLLATE utf8_bin NOT NULL,
  `valeur` int(1) NOT NULL,
  `id_mat` int(10) NOT NULL
) ENGINE=InnoDB DEFAULT CHARSET=utf8 COLLATE=utf8_bin;

--
-- Déchargement des données de la table `question`
--

INSERT INTO `question` (`id_q`, `description`, `valeur`, `id_mat`) VALUES
(1, 'Qui a peint \"Le chat angora\" ?', 5, 1),
(2, 'Qui a peint \"Le plagiat\" ?', 5, 1),
(3, 'Qui a peint \"Le bal à Bougival\" ?', 5, 1),
(4, 'A quel écrivain doit-on le personnage de Boule-de-Suif ? ', 3, 1),
(5, 'Qu\'est-ce que la \"Licorne\" dont Tintin perce le secret ?', 1, 1),
(6, 'Grâce à quel minerai obtient-on l\'aluminium ?', 5, 2),
(7, 'Comment appelle-t-on le point souterrain où un séisme se déclenche ?', 2, 2),
(8, 'À quel scientifique doit-on l’œuvre « Canon de la médecine » ?', 5, 2),
(9, 'Comment nomme-t-on l’effet d’une glycémie trop élevée ?', 4, 2),
(10, 'Qu\'est-ce que le diaphragme ?', 2, 2),
(11, 'Quelles sont les dates de la guerre d\'Algérie?', 3, 3),
(12, 'Qu\'est ce que la \'La grande dépression\' ?', 5, 3),
(13, 'Comment les premières années après la première guerre mondiale sont-elles appelées en France ?', 2, 3),
(14, 'Quel nom avait la coalition qui gouverna la France entre 1919 et 1924 ?', 5, 3),
(15, 'Dans la Grèce antique, quelle divinité était la déesse de l\'amour et de la beauté ?', 1, 3),
(16, 'Quelle est la capitale de l’Inde ?', 1, 4),
(17, 'Quelle est la capitale du Honduras ?', 1, 4),
(18, 'Quelle est la capitale des Pays-Bas ?', 1, 4),
(19, 'Qui a ecrit Les Miserables?', 5, 1),
(20, 'Comment s\'appelle le Comte de Monte-Cristo?', 5, 1),
(21, 'Sur quelle planete se deroulent les evenements du roman Dune, de Frank Herbert?', 5, 1),
(22, 'Qui a écrit le livre des cinq anneaux?', 5, 1),
(23, 'Qui est l\'auteur de la théorie du héros aux milles et un visages?', 5, 1),
(24, 'Quel est le vrai nom de Richard Bachman?', 5, 1),
(25, 'Quel est le vrai nom de Stefan Wul?', 5, 1),
(26, 'Qui était l\'illistrateur attitré des romans de Conan le barbare?', 5, 1),
(27, 'Qui a peint le triptyque \'Trois études de figures au pied d\'une crucifixion?', 5, 1),
(28, 'Qu\'est-ce qu\'un trypique?', 5, 1),
(29, 'Lequel de ces dessinateurs de BD n\'encre pas ses planches et applique directement la couleur sur ses dessins?', 5, 1),
(30, 'Qui est l\'écrivain à l\'origine de l\'esthétique dite \'Steampunk\'?', 5, 1),
(31, 'Lequel de ces romans n\'a pas été écrit par Isaac Asimov?', 5, 1),
(32, 'Quel écrivain est à l\'origine du personnage de James Bond?', 5, 1),
(33, 'Qui a peint \'La Grande Vague\'?', 5, 1),
(34, 'Qui a dessiné \'l\'homme de vitruve\'', 5, 1),
(35, 'Laquelle des ces histoire n\'est pas une aventure de Sherlock Holmes', 5, 1),
(36, 'Quel est l\'autre nom de la \'huitième couleur\' issu du roman éponyme de Terry Pratchet?', 5, 1),
(37, 'Quel roman a pour particularité d\'avoir ses pages numérotées à l\'envers?', 5, 1),
(38, 'Quel saga de Fantasy est la principale inspiration du jeu \'Donjons et Dragons\'?', 5, 1),
(39, 'Quel est le modèle de la voiture maudite \'Christine\' issue du roman éponyme?', 5, 1),
(40, 'Quel est le nom original (en anglais) de la saga du trone de fer?', 5, 1),
(41, 'Quel est l\'autre nom du roman \'Frankenstein\' de Mary Shelley?', 5, 1),
(42, 'Quelle est l\'adresse de Sherlock Holmes?', 5, 1),
(43, 'Quel mythe grec est la principale inspiration du roman \'germinal\' de Emile Zola?', 5, 1),
(44, 'Quel est le nom de l\'aventure inachevée de tintin?', 5, 1),
(45, 'Quels sont les professions respectives des personnages Blake et Mortimer de la BD éponyme?', 5, 1),
(46, 'Quel personnage de BD était à la base un personnage de roman?', 5, 1),
(47, 'Quel est la capitale de la Suisse ?', 5, 4),
(48, 'Quel est la capitale du Japon ?', 5, 4),
(49, 'Quel est la capitale de l\'iran ?', 5, 4),
(50, 'Quel est la capitale de la Chine ?', 5, 4),
(51, 'Quel est la capitale de l\'Allemagne ?', 5, 4),
(52, 'Quel est la capitale de la Russie ?', 5, 4),
(53, 'Quel est la capitale du Sierra leone ?', 5, 4),
(54, 'Quel est la capitale de l\'espagne ?', 5, 4),
(55, 'Quel est la capitale de l\'ethiopie ?', 5, 4),
(56, 'Quel est la capitale du Mexique ?', 5, 4),
(57, 'Quel est la capitale du Chili ?', 5, 4),
(58, 'Quel est la capitale du Brésil ?', 5, 4),
(59, 'Quel est la capitale du Vietnam ?', 5, 4),
(60, 'Quel est la capitale de l\'inde ?', 5, 4),
(61, 'Quel est la capitale de l\'australie ?', 5, 4),
(62, 'Quel est la capitale de la Nouvelle-Zélande ?', 5, 4),
(63, 'Quel est la capitale de la Papouasie Nouvelle-Guinée', 5, 4),
(64, 'Quel est la capitale du Vanuatu ?', 5, 4),
(65, 'Quel est la capitale de la Bulgarie ?', 5, 4),
(66, 'Quel est la capitale de l\'Algérie ?', 5, 4),
(67, 'Quel est la capitale du Canada ?', 5, 4),
(68, 'Quel est la capitale du Venezuela ?', 5, 4),
(69, 'Quel est la capitale des Etats-Unis d\'amérique ?', 5, 4),
(70, 'Quel est la capitale de la france ?', 5, 4),
(71, 'Quel est la capitale du Royaume-Uni ?', 5, 4),
(73, 'Quel peuple à mis au point le feu grégeois ?', 5, 3),
(74, 'Quelle est la dernière merveille du monde encore debout a nôtre époque ?', 5, 3),
(75, 'De quelle région de France est originaire Napoléon ?', 5, 3),
(76, 'Quel est la date de l\'arrestation des membres de l\'ordre du temple, aussi appelés templiers ?', 5, 3),
(77, 'Quel était le film préféré d\'Adolf Hitler ?', 5, 3),
(78, 'Complétez la citation suivante \'Dieu créa les hommes, ___________ les rendit égaux\'', 5, 3),
(79, 'Qui était le premier tueur en série de l\'histoire ?', 5, 3),
(80, 'Quel régiment d\'infantrie de la première guerre mondiale était composé uniquement de soldats afro-américains ?', 5, 3),
(81, 'Quelle étaient les noms des deux bombes atomiques lachées sur le japon ?', 5, 3),
(82, 'Lequel de ces présidents américains à survécu à une tentative d\'assassinat ?', 5, 3),
(83, 'Comment se nomme le célèbre article d\'Émile Zola portant sur l\'affaire dreyfus ?', 5, 3),
(84, 'Quelle était le nom de l\'épée de Charlemagne ?', 5, 3),
(85, 'Qui a remporté la bataille de Sekigahara le 21 octobre 1600 ?', 5, 3),
(86, 'Quel personnage historique est à l\'origine du mythe du père noél ?', 5, 3),
(87, 'En quelle année ont lieues les émeutes de la circonscription à New-York ?', 5, 3),
(88, 'Lequel de ces navires fut celui de Barbe Noire ?', 5, 3),
(89, 'Qui est le premier explorateur a avoir accompli une circumnavigation ?', 5, 3),
(90, '\'Soldats ! [...] Songez que du haut de ces pyramides quarante siècles vous contemplent\' est une citation de ...', 5, 3),
(91, 'Comment se nomme celui qui a survécu aux deux bombes atomiques lachées sur le japon en 1945 ?', 5, 3),
(92, 'Comment se nommait l\'agent double qui a été décoré ET par les alliés ET par le troisième reich lors de la seconde guerre mondiale?', 5, 3),
(93, 'Qui est l\'assassin présumé de JFK ?', 5, 3),
(94, '\'Toi aussi, mon fils !\' est une citation attribuée à ....', 5, 3),
(95, 'Quel modèle d\'avion de chasse à été le plus utilisé par les alliés durant la second guerre mondiale ?', 5, 3),
(96, 'En quelle année la nouvelle calédonie fut découverte par les européens ?', 5, 3),
(97, 'Parmis ces figures historique japonaise, laquelle était un célèbre ninja ?', 5, 3),
(98, 'Lequel de ces langages de programmation n\'est pas un langage ésotérique ?', 5, 6),
(99, 'La Distribution Linux la plus populaire dans cet liste est ...', 5, 6),
(100, 'Comment se nomme la distribution Linux qui équipe les ordinateurs de la corée du nord ?', 5, 6),
(101, 'Linux est avant tout un ...', 5, 6),
(102, 'Parmis ces langages, lequel est un langage strictement interprété ?', 5, 6),
(103, 'Lequel de ces logiciels de dessin n\'utilise pas de système de calque ?', 5, 6),
(104, 'Quel serait l\'instruction en C pour incrémenter la variable A entière de 1 et uniquement de 1 ?', 5, 6),
(105, 'Lequel de ces formats de fichier n\'est pas un format d\'image ?', 5, 6),
(106, 'Qu\'est-ce qu\'un terminal ?', 5, 6),
(107, 'Qu\'est-ce qu\'un cloud ?', 5, 6),
(108, 'Dans quelle institut fut développé le protocole HTTP ?', 5, 6),
(109, 'Quel est le langage de plus bas niveau dans la liste ci-dessous ?', 5, 6),
(110, 'Parmis les sites dans la liste, trouvez celui qui n\'est pas un moteur de recherches', 5, 6),
(112, 'Lequel de ces logiciels n\'est pas un logiciel de tchat audio ?', 5, 6),
(113, 'Quel est le raccourci windows pour annuler la dernirèe action ?', 5, 6),
(114, 'Comment fait-on pour obtenir un À ?', 5, 6),
(115, 'Comment fait-on pour obtenir un É ?', 5, 6),
(116, 'Combien fait 2+2 ?', 5, 5),
(117, 'Trouvez le chiffre premier dans la liste ci-dessous', 5, 5),
(118, 'Quel est le PGCD entre 96 et 36 ?', 5, 5),
(119, 'Résolvez l\'équation suivante : 5-3x=-7', 5, 5),
(120, 'Quel est le PPCM entre 36 et 84 ?', 5, 5),
(121, 'Quel est la particularité de la matrice identité ?', 5, 5),
(122, 'Quelle est la 50e décimale de PI ?', 5, 5),
(123, 'Quel point commun y a t\'il entre une pomme de pin, un tournesol, le parthénon et les tableaux de la rennaissance ?', 5, 5),
(124, 'Déchiffrez le message suivant : UPJBVTTJNPOGJMT', 5, 5),
(125, 'Déchiffrez le message suivant : LGTGXKGPFTCKU', 5, 5),
(126, 'Déchiffrez le message suivant : FRPHGLDGHODUWH', 5, 5),
(127, 'Dans un triangle ABC rectangle en A, l\'angle en B fait 30 degré. Calculer la mesure de l\'angle en C', 5, 5),
(128, 'Lequel de ces solides platoniciens a 20 faces ?', 5, 5),
(129, 'Si je lance une infinité de fois un dé à 20 faces, quel résultat j\'obtiendrais le plus ?', 5, 5),
(130, 'Si je lance une infinité de fois deux dés à 6 faces, quel résultat j\'obtiendrais le plus ?', 5, 5),
(131, 'Si je lance une fois un dé à 100 faces, quel probabilité j\'ai de faire inférieur ou égal à 50 ?', 5, 5),
(132, 'Si je lance une fois un dé à 10 faces, quel probabilité j\'ai de faire inférieur ou égal à 7 ?', 5, 5),
(133, 'Si je lance une fois un dé à 20 faces, quel probabilité j\'ai de faire inférieur ou égal à 16 ?', 5, 5),
(134, 'Qui est à l\'origine du théorème d\'incomplètude ?', 5, 5),
(135, 'Voici une énigme logique : dans un étang il y a 10 poissons, deux se noient, quatre nagent au loin, trois sont morts, combien reste-t-il de poissons dans l\'étang ?', 5, 5),
(136, 'Quelle est la 5e décimale du nombre d\'or ?', 5, 5),
(137, 'Quelle chiffre n\'a pas de représentation dans les chiffres romains ?', 5, 5),
(138, 'Lequel de ces nombres n\'est pas rationnel ?', 5, 5),
(139, 'Combien fait un mètre en pieds ?', 5, 7),
(140, 'Quelle est la température en degré celsius du zéro absolu ?', 5, 7),
(141, 'Combien font 28 degré celsius en Fahrenheit ?', 5, 7),
(142, 'Combien font 28 degré Fahrenheit en celsius ?', 5, 7),
(143, 'Quelle est la température en degré Farenheit du zéro absolu ?', 5, 7),
(144, 'Quelle est la température en degré Kelvin du zéro absolu ?', 5, 7),
(145, 'Quelle est la forme de la terre ?', 5, 7),
(146, 'Combien fait un pied en mètre ?', 5, 7),
(147, 'Quelle est la définition actuelle d\'un mètre ?', 5, 7),
(148, 'La terre tourne ...', 5, 7),
(149, 'Si je dis que le référentiel est héliocentrique, cela implique que le centre du référentiel est définis comme étant ...', 5, 7),
(150, 'Sur quelles sondes spatiales ont été envoyées les célèbres plaques de pioneer ?', 5, 7),
(151, 'Quelle est la longueur en kilomètres d\'une année lumière ?', 5, 7),
(152, 'Quels sont les 3 états de la matière ?', 5, 7),
(153, 'Quelle est la tempèrature d\'ébulition de l\'eau en degré Celsius ?', 5, 7),
(154, 'Quelle est la tempèrature de solidification de l\'eau en degré Celsius ?', 5, 7),
(155, 'Quelle est la formule brute de la molécule d\'eau ?', 5, 7),
(156, 'À quelle tempèrature le papier s\'emflamme et se consume ?', 5, 7),
(157, 'Le mouvement des plaques terrestres est appelé la __________ des plaques', 5, 2),
(158, 'Quel est la traduction française du nom binomial du crabe de cocotier ?', 5, 2),
(159, 'Lequel de ces animaux n\'est pas un dinosaure ?', 5, 2),
(160, 'Quel famille d\'animaux aujourd\'hui est la plus proche des dinosaures ?', 5, 2),
(161, 'Quelle est l\'estimation actuelle pour l\'âge de la terre ?', 5, 2),
(162, 'Quelle est l\'estimation actuelle pour l\'âge de la terre ?', 5, 2),
(163, 'Le monoxyde de dihydrogène est-il toxique ?', 5, 2),
(164, 'Le crabe de cocotier se nourris d\'une plante toxique, quelle est son nom ?', 5, 2),
(165, 'Dans la liste des animaux ci-dessous, lequel passe l\'ensemble de sa vie à l\'état larvaire ?', 5, 2),
(166, 'Dans la liste d\'amphibiens ci-dessous, lequel a une peau qui secrète un poison mortel ?', 5, 2),
(167, 'À quelle époque sont apparus les dinosaures ?', 5, 2),
(168, 'Lequelle de ces animaux n\'a pas disparu ?', 5, 2),
(169, 'Quelle est l\'espèce présumé du mythique mostre du loch-ness ?', 5, 2),
(170, 'Quelle odeur a la plante rafflesia ?', 5, 2),
(171, 'Lequelle de ces animaux peut survivre sans problème à une décapitation ?', 5, 2),
(172, 'Quelle espèce de poisson vie en symbiose avec l\'anémone de mer ?', 5, 2),
(173, 'Comment s\'appelle le premier mammifère cloné par l\'homme ?', 5, 2),
(174, 'Quel espèce de champignons parasite les fourmis en s\'infiltrant dans leur cerveau ?', 5, 2),
(175, 'Quelle relation y a t\'il entre l\'espèce de l\'homme et celle du singe ?', 5, 2),
(176, 'Quelle est le plus vieil ancêtre connu de l\'homme ?', 5, 2);

-- --------------------------------------------------------

--
-- Structure de la table `reponse`
--

CREATE TABLE `reponse` (
  `id_r` int(10) NOT NULL,
  `description` text COLLATE utf8_bin NOT NULL
) ENGINE=InnoDB DEFAULT CHARSET=utf8 COLLATE=utf8_bin;

--
-- Déchargement des données de la table `reponse`
--

INSERT INTO `reponse` (`id_r`, `description`) VALUES
(1, 'Honoré Fragonard'),
(2, 'Gustave Courbet'),
(3, 'Henri Matisse'),
(4, 'Pablo Picasso'),
(5, 'Paul Cézanne'),
(6, 'René Magritte'),
(7, 'Auguste Renoir'),
(8, 'Guy de Maupassant\r\n'),
(9, 'Molière\r\n'),
(10, 'Victor Hugo\r\n'),
(11, 'Honoré de Balzac\r\n'),
(12, 'Charles Baudelaire\r\n'),
(13, 'Arthur Rimbaud\r\n'),
(14, 'Un bateau\r\n'),
(15, 'Un avion\r\n'),
(16, 'Un château\r\n'),
(17, 'Une île\r\n'),
(18, 'Un temple\r\n'),
(19, 'Une grotte\r\n'),
(20, 'La galène'),
(21, 'La sphalérite\r\n'),
(22, 'La bauxite'),
(23, 'La malachite\r\n'),
(24, 'La cryolithe\r\n'),
(25, 'La magnésite\r\n'),
(26, 'Un hypocentre'),
(27, 'Une faille'),
(28, 'Un épicentre'),
(29, 'Un hypercentre\r\n'),
(30, 'Une zone de rupture\r\n'),
(31, 'Une dorsale\r\n'),
(38, 'Hippocrate'),
(39, 'Averroès'),
(40, 'Aristote'),
(41, 'Avicenne\r\n'),
(42, 'Callippe'),
(43, 'Eudoxe\r\n'),
(44, 'L’hypoglycémie'),
(45, 'Les triglycérides'),
(46, 'L’hyperglycémie'),
(47, 'L’aérophagie'),
(48, 'La sur-glycémie'),
(49, 'La glycémie aigu\r\n'),
(50, 'Un os'),
(51, 'Un muscle'),
(52, 'Une vertèbre'),
(53, 'Un tendon'),
(54, 'Un cartilage'),
(55, 'Une Cellule\r\n'),
(56, '1954-1962'),
(57, '1939-1945'),
(58, '1950-1954'),
(59, '1914-1918'),
(60, '1956-1959'),
(61, '1960-1968\r\n'),
(62, 'La grande famine de l\'URSS (1931-1933)'),
(63, 'La crise de 1929'),
(64, 'La vague de chaleur au Royaume-Uni en 1976'),
(65, 'La crise de 1973'),
(66, 'La crise de 1993'),
(67, 'La crise mexicaine de 1994\r\n'),
(68, 'La belle époque'),
(69, 'Les 5 glorieuses'),
(70, 'Les années folles'),
(71, 'Les 30 glorieuses'),
(72, 'Les 5 fabuleuses'),
(73, 'Les 30 glorieuses\r\n'),
(74, 'Le Cartel des Gauches'),
(75, 'La Troisième Force'),
(76, 'Le Bloc National'),
(77, 'Le Front Populaire'),
(78, 'Le Front National'),
(79, 'La Quatrième Force'),
(80, 'Hébé'),
(81, 'Aphrodite'),
(82, 'Héra'),
(83, 'Héstia'),
(84, 'Artémis'),
(85, 'Athena'),
(86, 'New Delhi'),
(87, 'Calcutta\r\n'),
(88, 'Bombay'),
(89, 'Bangalore\r\n'),
(90, 'Pondichéry\r\n'),
(91, 'Varanasi\r\n'),
(92, 'Tegucigalpa'),
(93, 'San José\r\n'),
(94, 'La Paz'),
(98, 'Eindhoven\r\n'),
(99, 'Tilburg'),
(100, 'Amsterdam\r\n'),
(101, 'Rotterdam'),
(102, 'La Haye\r\n'),
(103, 'Utrecht'),
(104, 'Arkonen'),
(105, 'Arakiris'),
(106, 'Edmon Dantes'),
(107, 'Danglars'),
(108, 'Muad\'dib'),
(109, 'Fernand'),
(110, 'Stilgar'),
(111, 'Duncan Idaho'),
(112, 'Alexandre Dumas'),
(113, 'Oncle Ben'),
(114, 'John Wick'),
(115, 'Mark Reyn Agen'),
(116, 'Musashi Miyamoto'),
(117, 'J.R.R Tolkien'),
(118, 'G.R.R Martin'),
(119, 'Joseph Campbell'),
(120, 'Michael Moorcock'),
(121, 'Erik Stillwell'),
(122, 'William Aminston'),
(123, 'Jean Paul verney'),
(124, 'David Arnesson'),
(125, 'George Harrison'),
(126, 'Tayo Mastumoto'),
(127, 'Charles Bronson'),
(128, 'Stephen King'),
(129, 'Ben Parker'),
(130, 'J.D Salinger'),
(131, 'David Davis'),
(132, 'Robin Hobb'),
(133, 'Jean Giraud'),
(134, 'Alejandro Joddorowsky'),
(135, 'Jean-Charles Pintade'),
(136, 'Pierre Pairault'),
(137, 'Jack Kirby'),
(138, 'Steve Ditko'),
(139, 'Frank Miller'),
(140, 'Frank Frazetta'),
(141, 'Eichiro Oda'),
(142, 'Hirohiko Araki'),
(143, 'Francis Bacon'),
(144, 'Francis Egg'),
(145, 'Francis Hamberg'),
(146, 'Francis Beverage'),
(147, 'Francis Butters'),
(148, 'Francis Macédoine'),
(149, 'Un genre littéraire'),
(150, 'Une marque de téléviseur'),
(151, 'Une expérience hallucinogène'),
(152, 'Une oeuvre peinte ou sculptée en trois volets'),
(153, 'Une série de films'),
(154, 'Une matière utilisée dans la peinture'),
(155, 'Hajime Isayama'),
(156, 'Dave Gibbons'),
(158, 'Enki Bilal'),
(159, 'Akira Toryama'),
(160, 'Osamu Tezuka'),
(161, 'Hergé'),
(162, 'Jules Vernes'),
(163, 'Jacques Tardi'),
(164, 'Donald Sutterland'),
(165, 'Sui Ishida'),
(166, 'David Arnesson'),
(167, 'Gary Gigax'),
(168, 'La fin de l\'éternité'),
(169, 'Fondation'),
(170, 'Les Robots'),
(171, 'Jack Baron et l\'eternité'),
(172, 'I, Robot'),
(173, 'L\'homme bicentenaire'),
(174, 'Stan Lee'),
(175, 'Steve Ditko'),
(176, 'Michael Moorcock'),
(177, 'Damon Albarn'),
(178, 'Joseph Campbell'),
(179, 'Ian Flemming'),
(180, 'Hokusai'),
(181, 'Sui Ishida'),
(183, 'Akira Yamaoka'),
(184, 'Hideo Kojima'),
(185, 'Jean Reno'),
(186, 'Francis Bacon'),
(187, 'Vito Corleone'),
(188, 'Raphael'),
(189, 'Michel Ange'),
(190, 'Leonardo Da Vinci'),
(191, 'Antionio Zeppeli'),
(192, 'Auguste Rodin'),
(193, 'Une étude en rouge'),
(194, 'Les six napoléons'),
(195, 'Dix petits nègres'),
(196, 'Son dernier Coup d\'archet'),
(197, 'Les chutes du reichenbach'),
(198, 'Le Signe des quatre'),
(199, 'Gladios'),
(200, 'Supragenta'),
(201, 'Octarine'),
(202, 'Ignis'),
(203, 'Tulpa'),
(204, 'Pandarine'),
(205, 'Neuromancien'),
(206, 'La Couleur tombée du Ciel'),
(207, 'Le Horla'),
(208, 'La Horde du Contrevent'),
(209, 'Mona Lisa Overdrive'),
(210, 'Hardwired'),
(211, 'Le Seigneur des Anneaux'),
(212, 'Le Cycle des épées'),
(213, 'Conan le barbare'),
(214, 'Elric de Melniboné'),
(215, 'Hawkmoon'),
(216, 'L\'Anneau des Nibelungen'),
(217, 'Aston Martin'),
(218, 'Delorean Mclain'),
(219, 'Plymouth Fury'),
(220, 'Ford Grand Torino'),
(221, 'Ferrari Testarosa'),
(222, 'Dodge Viper'),
(223, 'Fire and Ice'),
(224, 'The Iron Throne'),
(225, 'A Clash of Kings'),
(226, 'A song of Ice and Fire'),
(227, 'The Accursed Kings'),
(228, 'Bound by flames'),
(229, 'Le nouveau Sysiphe'),
(230, 'Le prométhée Moderne'),
(231, 'Le nouvel Icare'),
(232, 'Le Scientifique Fou'),
(233, 'L\'abomination de Dunwhich'),
(234, 'Le corps revenu à la vie'),
(235, '221 B Baker Street'),
(236, '221 A Baker Street'),
(237, '220 B Baker Street'),
(238, '220 A Baker Street'),
(239, '222 B Baker Street'),
(240, '222 A Baker Street'),
(241, 'Icare'),
(242, 'Hercule'),
(243, 'L\'odyssée d\'Ulysse'),
(244, 'Jason et les argonautes'),
(245, 'La guerre de Troie'),
(246, 'Le Labyrinthe du minotaure'),
(247, 'Tintin et les picaros'),
(249, 'Tintin contre Bob Moranne'),
(250, 'Tintin et la marque jaune'),
(251, 'Tintin et le rayon maximus'),
(252, 'Tintin et l\'alph-art'),
(253, 'Tintin et la brigade chimérique'),
(254, 'Pilote de course et Médecin'),
(255, 'Tireur d\'élite et archéologue'),
(256, 'Ils sont tous les deux enquêteurs'),
(257, 'Agent du MI5 et Spécialiste en Physique Nucléaire'),
(258, 'Trafiquant d\'arme et écrivain'),
(259, 'Chauffeur de taxi et mathématicien'),
(260, 'Superman'),
(261, 'Tintin'),
(262, 'Spirou'),
(263, 'Bob Morane'),
(264, 'XIII'),
(265, 'Michel Vaillant'),
(266, 'Arth'),
(267, 'Boudry'),
(268, 'Brienne'),
(269, 'Kriens'),
(270, 'Berne'),
(271, 'Zurich'),
(272, 'Nagasaki'),
(273, 'Hiroshima'),
(274, 'Sendai'),
(275, 'Osaka'),
(276, 'Edo'),
(277, 'Tokyo'),
(278, 'Téhéran'),
(279, 'Qom'),
(280, 'Arak'),
(281, 'Qazvin'),
(282, 'Ardabil'),
(283, 'Tabriz'),
(284, 'Shanghai'),
(285, 'Canton'),
(286, 'Shenzhen'),
(287, 'Dongguan'),
(288, 'Pékin'),
(289, 'Tianjin'),
(290, 'Stuttgart'),
(291, 'Munich'),
(292, 'Dusseldorf'),
(293, 'Kiel'),
(294, 'Berlin'),
(295, 'Potsdam'),
(296, 'Samara'),
(297, 'Omsk'),
(298, 'Kazan'),
(299, 'Novossibirsk'),
(300, 'Saint-Petersbourg'),
(301, 'Moscou'),
(302, 'Harare'),
(303, 'Gabarone'),
(304, 'Libreville'),
(305, 'Freetown'),
(306, 'Lomé'),
(307, 'Jamestown'),
(308, 'Madrid'),
(309, 'Barcelone'),
(310, 'Valence'),
(311, 'Séville'),
(312, 'Malaga'),
(313, 'Bilbao'),
(314, 'Afar'),
(315, 'Addis-Abeba'),
(316, 'Amhra'),
(317, 'Dire Dawa'),
(318, 'Oromia'),
(319, 'Tigré'),
(320, 'Tijuana'),
(321, 'Mérida'),
(322, 'Puebla'),
(323, 'Cancun'),
(324, 'Acapulco'),
(325, 'Mexico'),
(327, 'Puerto Varas'),
(328, 'Puerto Navale'),
(329, 'Ancud'),
(330, 'Santagio'),
(331, 'Pucon'),
(332, 'Constitucion'),
(333, 'Rio de Janeiro'),
(334, 'Sao Paulo'),
(335, 'Curitiba'),
(336, 'Brasilia'),
(337, 'Porto Alegre'),
(338, 'Salvador'),
(339, 'Saigon'),
(340, 'Nha Trang'),
(341, 'Da Nang'),
(342, 'Hué'),
(343, 'Hanoï'),
(344, 'Quy Nhon'),
(345, 'Bombay'),
(346, 'New Delhi'),
(347, 'Bangalore'),
(348, 'Calcutta'),
(349, 'Chennai'),
(350, 'Hyderabad'),
(351, 'Sydney'),
(352, 'Melbourne'),
(353, 'Perth'),
(354, 'Brisbane'),
(355, 'Adélaïde'),
(356, 'Canberra'),
(357, 'Auckland'),
(358, 'Wellington'),
(359, 'Nelson'),
(360, 'Napier'),
(361, 'Queenstown'),
(362, 'Rotorua'),
(363, 'Lae'),
(364, 'Goroka'),
(365, 'Madang'),
(366, 'Kokopo'),
(367, 'Wewak'),
(368, 'Port Moresby'),
(369, 'Luganville'),
(370, 'Norsup'),
(371, 'Lakataro'),
(372, 'Port Vila'),
(373, 'Isangel'),
(374, 'Port-Olry'),
(375, 'Plovdiv'),
(376, 'Varna'),
(377, 'Burgas'),
(378, 'Sofia'),
(379, 'Pleven'),
(380, 'Shumen'),
(381, 'Oran'),
(382, 'Constantine'),
(383, 'Aïn Beïda'),
(384, 'Touggourt'),
(385, 'Chlef'),
(386, 'Alger'),
(387, 'Ottawa'),
(388, 'Calgary'),
(389, 'Montréal'),
(390, 'Kingston'),
(391, 'Kelowna'),
(392, 'Edmonton'),
(393, 'Caracas'),
(394, 'Cumana'),
(395, 'Maracay'),
(396, 'La Guaira'),
(397, 'Puerto Ayacucho'),
(398, 'Acarigua'),
(399, 'Denvers'),
(400, 'Washington D.C'),
(401, 'New-York'),
(402, 'Chicago'),
(403, 'Los Angeles'),
(404, 'Houston'),
(405, 'Montpellier'),
(406, 'Marseille'),
(407, 'Paris'),
(408, 'Bordeaux'),
(409, 'Toulouse'),
(410, 'Dunkerque'),
(411, 'Liverpool'),
(412, 'Dublin'),
(413, 'Cardiff'),
(414, 'Londres'),
(415, 'Edimbourg'),
(416, 'Sheffield'),
(417, 'Les Byzantins'),
(418, 'Les Chinois'),
(419, 'Les Perses'),
(420, 'Les Grecs'),
(421, 'Les Egyptiens'),
(422, 'le colosse de rhode'),
(423, 'le temple d\'artemis'),
(424, 'les jardins suspendus de babylone'),
(425, 'la pyramide de kheops'),
(426, 'le phare d\'alexandrie'),
(427, 'la Statue chryséléphantine de Zeus d\'Olympie'),
(428, 'Bretagne'),
(429, 'Picardie'),
(430, 'Ile de France'),
(431, 'Corse'),
(432, 'Nord-pas-de-calais'),
(433, 'Alsace'),
(434, 'Mercredi 11 Juin 1304'),
(435, 'Jeudi 12 Septembre 1306'),
(436, 'Samedi 26 Jullet 1307'),
(437, 'Vendredi 13 Octobre 1307'),
(438, 'Dimanche 29 Fevrier 1305'),
(439, 'Lundi 3 mars 1310'),
(440, 'Le triomphe de la volonté'),
(441, 'Métropolis'),
(442, 'À l\'ouest rien de nouveau'),
(443, 'Blanche Neige et les septs nains'),
(444, 'Spartacus'),
(445, 'Ben Hur'),
(446, 'La Dynamite'),
(447, 'La Bible'),
(448, 'La loi'),
(449, 'Samuel Colt'),
(450, 'Georges Washington'),
(451, 'Le Pape'),
(452, 'Le Zodiac'),
(453, 'Jack l\'éventreur'),
(454, 'L\'étrangleur de boston'),
(455, 'Le mutileur de miami'),
(456, 'Le tronçonneur du texas'),
(457, 'Le dentiste fou'),
(458, 'Artists Rifles'),
(459, 'Harlem Hellfighters'),
(460, 'Hell\'s Angels'),
(461, 'Sons of Anarchy'),
(462, 'Angels of Death'),
(463, 'Black Panthers'),
(464, 'Fatman et Little Boy'),
(465, 'David et Golliath'),
(466, 'Deathcon 1 et Deathcon 2'),
(467, 'Stan et Kyle'),
(468, 'Bomba et Bombus'),
(469, 'Davy et Crockett'),
(470, 'John F. Kennedy'),
(471, 'Abraham Lincoln'),
(472, 'Georges Washington'),
(473, 'Ronald Reagan'),
(474, 'Richard Nixon'),
(475, 'Georges Bush'),
(476, 'Je démend ... !'),
(477, 'Je suis Dreyfus !'),
(478, 'J\'accuse ... !'),
(479, 'Je confirme ... !'),
(480, 'J\'implore ... !'),
(481, 'Je défend ... !'),
(482, 'Trancheuse'),
(483, 'Mordeuse'),
(484, 'Efficacité'),
(485, 'Tempête'),
(486, 'Joyeuse'),
(487, 'Dard'),
(488, 'Oda Nobonaga'),
(489, 'Minamoto no Yoshitsune'),
(490, 'Tokugawa Ieyasu'),
(491, 'Myamoto Musashi'),
(492, 'Shimazu Toyohisa'),
(493, 'Toyotomi Hideyori'),
(494, 'Saint Jean-Baptiste'),
(495, 'Saint Georges'),
(496, 'Saint Louis'),
(497, 'Saint Michel'),
(498, 'Saint Pierre'),
(499, 'Saint Nicolas'),
(500, '1865'),
(501, '1862'),
(502, '1864'),
(503, '1863'),
(504, '1868'),
(505, '1869'),
(506, 'Entreprise'),
(507, 'Queen Anne\'s Revenge'),
(508, 'Adventure'),
(509, 'Black Pearl'),
(510, 'Adelaar'),
(511, 'Eagle'),
(512, 'Sir Francis Drake'),
(513, 'Ferdinand de Magellan'),
(514, 'Juan Sebastian Elcano '),
(515, 'Christophe Colomb'),
(516, 'Jacques Cartier'),
(517, 'Vasco de Gamma'),
(518, 'Napoléon Bonaparte'),
(519, 'Jules César'),
(520, 'Alexandre le grand'),
(521, 'Marc Antoine '),
(522, 'Hans von Rolenspiel'),
(523, 'Ulrich Von Beck'),
(524, 'Ryuichi Naruhodo'),
(525, 'Hiroto Yamauchi'),
(526, 'Tayo Tsukamoto'),
(527, 'Tsutomu Yamaguchi'),
(528, 'Kuzunoha Raidou'),
(529, 'Hiroshi Yamamoto'),
(530, 'Tito Puente'),
(531, 'Gérard Darmon'),
(532, 'Vito Corleone'),
(533, 'Ian Flemming'),
(534, 'Joan Pujol Garcia'),
(535, 'Esteban Vihaio'),
(536, 'El Chapo'),
(537, 'Luigi Linguini'),
(538, 'Lee Harvey Oswald'),
(539, 'Vito Corleone'),
(540, 'Al Capone'),
(541, 'Fidel Castro'),
(542, 'Jules César'),
(543, 'Marc Antoine'),
(544, 'Alexandre le Grand'),
(545, 'Caligula '),
(546, 'Charlemagne'),
(547, 'Louis XVI'),
(548, 'F-22 Raptor'),
(549, 'Supermarine Spitfire'),
(550, 'Dassault Rafale'),
(551, 'Mitsubishi A6M'),
(552, 'Airbus A380'),
(553, 'Heinkel He162'),
(554, '1770'),
(555, '1771'),
(556, '1772'),
(557, '1773'),
(558, '1774'),
(559, '1775'),
(560, 'Oda Nobunaga'),
(561, 'Shimazu Toyohisa'),
(562, 'Miyamoto Musashi'),
(563, 'Hattori Hanzo'),
(564, 'Murasaki Shikibun'),
(565, 'Muramasa Sengo'),
(566, 'ArnoldC'),
(567, 'Whitespace'),
(568, 'LOLCODE'),
(569, 'Piet'),
(570, 'Ruby'),
(571, 'Shakespeare Programming Language'),
(572, 'Debian'),
(573, 'Gnome'),
(574, 'Ubuntu'),
(575, 'KDL'),
(576, 'Zorin OS'),
(577, 'Kali '),
(578, 'Kim Jong Un OS'),
(579, 'Red Star OS'),
(580, 'Stalin OS'),
(581, 'CCCP OS'),
(582, 'Lenin OS'),
(583, 'Debian'),
(584, 'Une marque de téléphone'),
(585, 'Un langage de programmation'),
(586, 'Un système d\'exploitation'),
(587, 'Un Noyau de système d\'exploitation'),
(588, 'Un amphisbène'),
(589, 'Un Squamate'),
(590, 'Objective-C'),
(591, 'C#'),
(592, 'Java'),
(593, 'Python'),
(594, 'C'),
(595, 'C++'),
(596, 'Krita'),
(597, 'Gimp'),
(598, 'Paint'),
(599, 'Photoshop'),
(600, 'Illustrator'),
(601, 'Inkscape'),
(602, 'A+'),
(603, 'A++'),
(604, 'A+++'),
(605, 'A-'),
(606, 'A--'),
(607, 'A+1'),
(608, '.BMP'),
(609, '.PNG'),
(610, '.JPEG'),
(611, '.GIF'),
(612, '.WAV '),
(613, '.TIFF'),
(614, 'Un arrêt de bus'),
(615, 'Une maladie particulièrement coriace'),
(616, 'Une interface permettant d\'intéragir avec l\'ordinateur via des commandes texte'),
(617, 'Une interface pour éteindre l\'ordinateur'),
(618, 'Un écran d\'ordinateur'),
(619, 'Un périphérique'),
(620, 'Un nuage'),
(621, 'Une plateforme de partage des données'),
(622, 'Un type de langage de programmation'),
(623, 'Un format de fichier'),
(624, 'Un type d\'ordinateur'),
(625, 'Un type d\'interface'),
(626, 'DGSE'),
(627, 'MI5'),
(628, 'CIA'),
(629, 'NSA'),
(630, 'CERN'),
(631, 'NASA'),
(632, 'C'),
(633, 'Python'),
(634, 'C++'),
(635, 'Assembleur'),
(636, 'Java'),
(637, 'Prolog'),
(638, 'Duck Duck Go'),
(639, 'Google'),
(640, 'Bing'),
(641, 'Wikipedia'),
(642, 'Yahoo'),
(643, 'Ecosia'),
(650, 'Teamspeak'),
(651, 'Skype'),
(652, 'Discord'),
(653, 'Ventrilo'),
(654, 'MSN'),
(655, 'Mumble'),
(656, 'CTRL+Z'),
(657, 'CTRL+ W'),
(658, 'CTRL+ V'),
(659, 'CTRL+ C'),
(660, 'CTRL+ X'),
(661, 'CTRL+ Q'),
(662, 'Alt+180'),
(663, 'Alt+181'),
(664, 'Alt+182'),
(665, 'Alt+183'),
(666, 'Alt+184'),
(667, 'Alt+185'),
(668, 'Alt+139'),
(669, 'Alt+140'),
(670, 'Alt+141'),
(671, 'Alt+142'),
(672, 'Alt+143'),
(673, 'Alt+144'),
(674, '22'),
(675, '21'),
(676, '11'),
(677, '7'),
(678, '4'),
(679, '0'),
(680, '13'),
(681, '12'),
(682, '10'),
(683, '9'),
(684, '8'),
(685, '6'),
(686, '8'),
(687, '9'),
(688, '10'),
(689, '11'),
(690, '12'),
(691, '13'),
(692, '3'),
(693, '4'),
(694, '2'),
(695, '1'),
(696, '6'),
(697, '8'),
(698, '247'),
(699, '248'),
(700, '249'),
(701, '250'),
(702, '251'),
(703, '252'),
(704, 'C\'est une matrice qui permet d\'identifier les hommes'),
(705, 'C\'est la première matrice créée par l\'homme'),
(706, 'Elle n\'est remplie qu\'avec des 0, sauf pour sa diagonale qui est remplie avec des 1'),
(707, 'La somme de l\'ensemble de ses termes est égal au nombre d\'or'),
(708, 'La quotient de l\'ensemble de ses termes est égal au nombre d\'or'),
(709, 'Le produit de l\'ensemble de ses termes est égal au nombre d\'or'),
(710, '1'),
(711, '\"0\"'),
(712, '42'),
(713, '64'),
(714, '3'),
(715, '12'),
(716, 'Le nombre PI'),
(717, 'Le nombre 23'),
(718, 'Le nombre 42'),
(719, 'Le nombre d\'or'),
(720, 'Le nombre des étoiles'),
(721, 'Le nombre 13'),
(722, 'Pensez a acheter du lait'),
(723, 'une demi baguette pas trop cuite s\'il vous plait'),
(724, 'Vi Veri universum vivus vici'),
(725, 'Vade retro satanas'),
(726, 'Toi Aussi Mon Fils'),
(727, 'Attention chérie çà va couper'),
(728, 'Pose ce cookie maintenant'),
(729, 'Viens avec moi si tu veux vivre'),
(730, 'Je reviendrais'),
(731, 'Etre ou ne pas etre'),
(732, 'Groovie'),
(733, 'Je n\'ai plus de chewing gum'),
(734, 'cycle eternel'),
(735, 'histoire de la vie'),
(736, 'fumer tue'),
(737, 'En attente de validation'),
(738, 'Comedia Del Arte'),
(739, 'Me gusta la paela'),
(740, '50 degré'),
(741, '60 degré'),
(742, '40 degré'),
(743, '30 degré'),
(744, '20 degré'),
(745, '10 degré'),
(746, 'octaèdre'),
(747, 'cube'),
(748, 'tétraèdre'),
(749, 'hexaèdre'),
(750, 'icosaèdre'),
(751, 'dodécaèdre'),
(752, '10'),
(753, '12'),
(754, '13'),
(755, '14'),
(756, 'Aucun, les faces ont toutes la même probabilité d\'apparition'),
(757, '16'),
(758, '2'),
(759, '3'),
(760, '4'),
(761, '5'),
(762, '6'),
(763, '7'),
(764, '80%'),
(765, '70%'),
(766, '60%'),
(767, '50%'),
(768, '40%'),
(769, '20%'),
(770, '80%'),
(771, '70%'),
(772, '60%'),
(773, '50%'),
(774, '40%'),
(775, '20%'),
(776, '80%'),
(777, '70%'),
(778, '60%'),
(779, '50%'),
(780, '40%'),
(781, '20%'),
(782, 'Richard Feynmann'),
(783, 'Kurt Godel'),
(784, 'Alan Turing'),
(785, 'Albert Einstein'),
(786, 'Robert Blanche'),
(787, 'Raymond Poincaré'),
(788, '1'),
(789, '9'),
(790, '8'),
(791, '10'),
(792, '7'),
(793, '6'),
(794, '1'),
(795, '2'),
(796, '3'),
(797, '4'),
(798, '5'),
(799, '6'),
(800, '\"0\"'),
(801, '42'),
(802, '13'),
(803, '68'),
(804, 'PI'),
(805, 'le nombre d\'or'),
(806, '1/4'),
(807, '1/2'),
(808, 'PI'),
(809, '9/3'),
(810, '6/2'),
(811, '8/4'),
(812, '3,28084 pieds'),
(813, '3,18084 pieds'),
(814, '3,38084 pieds'),
(815, '3,48084 pieds'),
(816, '3,58084 pieds'),
(817, '3,68084 pieds'),
(818, '−73,15 Degrés celsius'),
(819, '1 Degrés celsius'),
(820, '0 Degrés celsius'),
(821, '−274,15 Degrés celsius'),
(822, '−273,15 Degrés celsius'),
(823, '−275,15 Degrés celsius'),
(824, '80,4 degrés Fanrenheit'),
(825, '81,4 degrés Fanrenheit'),
(826, '82,4 degrés Fanrenheit'),
(827, '83,4 degrés Fanrenheit'),
(828, '84,4 degrés Fanrenheit'),
(829, '85,4 degrés Fanrenheit'),
(830, '0,22 Degrés celsius'),
(831, '2,22 Degrés celsius'),
(832, '-0,22 Degrés celsius'),
(833, '-1,22 Degrés celsius'),
(834, '-2,22 Degrés celsius'),
(835, '-3,22 Degrés celsius'),
(836, '459,67 Degrés Fahrenheit'),
(837, '−449,67 Degrés Fahrenheit'),
(838, '−459,67 Degrés Fahrenheit'),
(839, '−359,67 Degrés Fahrenheit'),
(840, '−259,67 Degrés Fahrenheit'),
(841, '−275,15 Degrés Fahrenheit'),
(842, '-3 Degrés Kelvin'),
(843, '-2 Degrés Kelvin'),
(844, '0 Degrés Kelvin'),
(845, '1 Degrés Kelvin'),
(846, '2 Degrés Kelvin'),
(847, '3 Degrés Kelvin'),
(848, 'Plate'),
(849, 'Ovale'),
(850, 'Ronde'),
(851, 'Donut'),
(852, '\'Patatoide\' et applatie au niveaux des pôles'),
(853, 'Icosaèdre'),
(854, '0,3048 mètres'),
(855, '0,3047 mètres'),
(856, '0,3046 mètres'),
(857, '0,3045 mètres'),
(858, '0,3044 mètres'),
(859, '0,3043 mètres'),
(860, 'le cinquième du quatrième de la distance terre-soleil'),
(861, 'la 42e partie du quart du dixième de la distance terre-lune'),
(862, 'la 10 000 000e partie d\'un quart de méridien terrestre'),
(863, 'la longueur du trajet parcouru par la lumière dans le vide pendant une durée d\'un 299 792 458e de seconde'),
(864, 'une longueur égale à 1,0000000000000000000 mètres'),
(865, 'une longueur égale à 6 pieds marins'),
(866, 'comme dans un manège'),
(867, 'autour du soleil '),
(868, 'autour du soleil dans le référentidel heliocentrique'),
(869, 'autour de la lune'),
(870, 'autour de pharell williams'),
(871, 'autour de son centre'),
(872, 'La Terre'),
(873, 'Le Soleil'),
(874, 'La Lune'),
(875, 'Pharell Williams'),
(876, 'Jupiter'),
(877, 'La comète de Halley'),
(878, 'Pioneer 78 et Pioneer 99'),
(879, 'Pioneer 45 et Pioneer 50'),
(880, 'Pioneer 14 et Pioneer 15'),
(881, 'Pioneer 10 et Pioneer 11'),
(882, 'Pioneer 12 et Pioneer 16'),
(883, 'Pioneer 42 et Pioneer 43'),
(884, '10 000 milliards de kilomètres'),
(885, '20 000 milliards de kilomètres'),
(886, '30 000 milliards de kilomètres'),
(887, '40 000 milliards de kilomètres'),
(888, '50 000 milliards de kilomètres'),
(889, '60 000 milliards de kilomètres'),
(890, 'Beau, moche et normal'),
(891, 'Gentil, méchant et neutre'),
(892, 'Mouillé, Sec et normal'),
(893, 'Chaud, Froid et neutre'),
(894, 'Solide, Liquide et gazeux'),
(895, 'En mouvement, immobile et neutre'),
(896, '50 Degrés celsius'),
(897, '60 Degrés celsius'),
(898, '70 Degrés celsius'),
(899, '80 Degrés celsius'),
(900, '90 Degrés celsius'),
(901, '100 Degrés celsius'),
(902, '-3 Degrés celsius'),
(903, '-2 Degrés celsius'),
(904, '-1 Degrés celsius'),
(905, '2 Degrés celsius'),
(906, '1 Degrés celsius'),
(907, '0 Degrés celsius'),
(908, 'E=Mc2'),
(909, 'H50'),
(910, 'H40'),
(911, 'H20'),
(912, 'X=4'),
(913, 'F451'),
(914, '12 Degrés Kelvin'),
(915, '2 Degrés Celsius'),
(916, '451 Degrés Farenheit'),
(917, '14 Degrés Kelvin'),
(918, '10 Degrés Kelvin'),
(919, '12 Degrés Farenheit'),
(920, 'Tectonique'),
(921, 'Disco'),
(922, 'Pogo'),
(923, 'Samba'),
(924, 'Macarena'),
(925, 'Mosh Pit'),
(926, 'Brouette Voleuse'),
(927, 'Brouette Volante'),
(928, 'Crabe des vases'),
(929, 'Brouette Alien'),
(930, 'Brouette Araignée'),
(931, 'Brouette Singe'),
(932, 'Vélociraptor'),
(933, 'Parasorolauphus'),
(934, 'Galiminus'),
(935, 'Ptérodactile'),
(936, 'Brachiosaure'),
(937, 'Oviraptor'),
(938, 'Les squamates'),
(939, 'Les amphisbènes'),
(940, 'Les oiseaux'),
(941, 'Les reptiles'),
(942, 'Les crustacés'),
(943, 'Les mollusques'),
(944, '3,54 milliards d\'années'),
(945, '1,55 milliards d\'années'),
(946, '3,50 milliards d\'années'),
(947, '4,54 milliards d\'années'),
(948, '2,58 milliards d\'années'),
(949, '1,56 milliards d\'années'),
(950, '3,5441 milliards d\'années'),
(951, '1,5583 milliards d\'années'),
(952, '4,5682 milliards d\'années'),
(953, '3,5056 milliards d\'années'),
(954, '2,5812 milliards d\'années'),
(955, '1,5636 milliards d\'années'),
(956, 'Oui'),
(957, 'Seulement sous forme gazeuse'),
(958, 'Seulement en excès'),
(959, 'Peut-être on est pas sûr'),
(960, 'On en bois tous les jours donc non'),
(961, 'Seulement au contact de l\'oxygène'),
(962, 'Eucalyptus'),
(963, 'Faux Manguier'),
(964, 'Niaoulis'),
(965, 'Bois de Fer'),
(966, 'Cocotier Malguache'),
(967, 'Sapin'),
(968, 'Le Tardigrade'),
(969, 'L\'Axolotl'),
(970, 'La Chenille'),
(971, 'Le Birgus Latro'),
(972, 'Le Cerf'),
(973, 'L\'Homme'),
(974, 'Salamendres'),
(975, 'Crapeaux'),
(976, 'Dendrobates'),
(977, 'Grenouilles'),
(978, 'Urodèles'),
(979, 'Gymnophiones'),
(980, 'Au trias'),
(981, 'Au crétacé'),
(982, 'Au Jurrassique'),
(983, 'Au Carbonifère'),
(984, 'À l\'age de pierre'),
(985, 'À l\'age bête'),
(986, 'Dodo'),
(987, 'Vélociraptor'),
(988, 'Grand Pingouin'),
(989, 'Coelacanthe'),
(990, 'Ictiosaure'),
(991, 'Plésiosaure'),
(992, 'Ictiosaure'),
(993, 'Deinosuchus'),
(994, 'Brachiosaure'),
(995, 'Ptérodactile'),
(996, 'Plésiosaure'),
(997, 'Coelacanthe'),
(998, 'Champignon'),
(999, 'Charbon'),
(1000, 'Sucre'),
(1001, 'Lavende'),
(1002, 'Cadavre en décomposition'),
(1003, 'Souffre'),
(1004, 'Aigle'),
(1005, 'Canard'),
(1006, 'Cafard'),
(1007, 'Poule'),
(1008, 'Pieuvre'),
(1009, 'Cerf'),
(1010, 'Poisson Lanterne'),
(1011, 'Poisson-Ballon'),
(1012, 'Requin'),
(1013, 'Espadon'),
(1014, 'Coelacanthe'),
(1015, 'Poisson-Clown'),
(1016, 'Donny'),
(1017, 'Johnny'),
(1018, 'Jolyne'),
(1019, 'Dolly'),
(1020, 'Denis'),
(1021, 'Dimitri'),
(1022, 'Reptinarium'),
(1023, 'Metarhizium '),
(1024, 'Cordyceps'),
(1025, 'Amanite tue-mouche'),
(1026, 'Nosema apis'),
(1027, 'Isaria fumosorosea'),
(1028, 'L\'homme descend du singe'),
(1029, 'Les deux espèces partagent un ancêtre commun'),
(1030, 'Les deux espèces sont identiques'),
(1031, 'Les deux espèces n\'ont aucun lien entre elles'),
(1032, 'Les deux espèces sont apparues la même année'),
(1033, 'Les deux espèces sont apparues au même endroit'),
(1034, 'Australopithèque'),
(1035, 'Toumai'),
(1036, 'Ardi'),
(1037, 'Néandertal'),
(1038, 'Homo-Habilis'),
(1039, 'Homo-erectus'),
(1040, 'Les Romains');

-- --------------------------------------------------------

--
-- Structure de la table `reponse_possible`
--

CREATE TABLE `reponse_possible` (
  `id_q` int(10) NOT NULL,
  `id_r` int(10) NOT NULL,
  `type_rep` tinyint(1) NOT NULL
) ENGINE=InnoDB DEFAULT CHARSET=utf8 COLLATE=utf8_bin;

--
-- Déchargement des données de la table `reponse_possible`
--

INSERT INTO `reponse_possible` (`id_q`, `id_r`, `type_rep`) VALUES
(1, 1, 1),
(1, 2, 0),
(1, 3, 0),
(1, 4, 0),
(1, 5, 0),
(1, 6, 0),
(2, 1, 0),
(2, 2, 0),
(2, 3, 0),
(2, 4, 0),
(2, 5, 0),
(2, 6, 1),
(3, 1, 0),
(3, 3, 0),
(3, 4, 0),
(3, 5, 0),
(3, 6, 0),
(3, 7, 1),
(4, 5, 0),
(4, 8, 1),
(4, 10, 0),
(4, 11, 0),
(4, 12, 0),
(4, 13, 0),
(5, 14, 1),
(5, 15, 0),
(5, 16, 0),
(5, 17, 0),
(5, 18, 0),
(5, 19, 0),
(6, 20, 0),
(6, 21, 0),
(6, 22, 1),
(6, 23, 0),
(6, 24, 0),
(6, 25, 0),
(7, 26, 0),
(7, 27, 0),
(7, 28, 1),
(7, 29, 0),
(7, 30, 0),
(7, 31, 0),
(8, 38, 0),
(8, 39, 0),
(8, 40, 0),
(8, 41, 1),
(8, 42, 0),
(8, 43, 0),
(9, 44, 0),
(9, 45, 0),
(9, 46, 1),
(9, 47, 0),
(9, 48, 0),
(9, 49, 0),
(10, 50, 0),
(10, 51, 1),
(10, 52, 0),
(10, 53, 0),
(10, 54, 0),
(10, 55, 0),
(11, 56, 1),
(11, 57, 0),
(11, 58, 0),
(11, 59, 0),
(11, 60, 0),
(11, 61, 0),
(12, 62, 0),
(12, 63, 1),
(12, 64, 0),
(12, 65, 0),
(12, 66, 0),
(12, 67, 0),
(13, 68, 0),
(13, 69, 0),
(13, 70, 1),
(13, 71, 0),
(13, 72, 0),
(13, 73, 0),
(14, 74, 0),
(14, 75, 0),
(14, 76, 1),
(14, 77, 0),
(14, 78, 0),
(14, 79, 0),
(15, 80, 0),
(15, 81, 1),
(15, 82, 0),
(15, 83, 0),
(15, 84, 0),
(15, 85, 0),
(16, 86, 1),
(16, 87, 0),
(16, 88, 0),
(16, 89, 0),
(16, 90, 0),
(16, 91, 0),
(17, 87, 0),
(17, 90, 0),
(17, 91, 0),
(17, 92, 1),
(17, 93, 0),
(17, 94, 0),
(17, 103, 0),
(18, 98, 0),
(18, 99, 0),
(18, 100, 1),
(18, 101, 0),
(18, 102, 0),
(19, 8, 0),
(19, 9, 0),
(19, 10, 1),
(19, 12, 0),
(19, 13, 0),
(19, 112, 0),
(20, 106, 1),
(20, 107, 0),
(20, 108, 0),
(20, 109, 0),
(20, 110, 0),
(20, 111, 0),
(21, 42, 0),
(21, 91, 0),
(21, 92, 0),
(21, 103, 0),
(21, 104, 0),
(21, 105, 1),
(21, 108, 0),
(22, 113, 0),
(22, 114, 0),
(22, 115, 0),
(22, 116, 1),
(22, 117, 0),
(22, 118, 0),
(23, 119, 1),
(23, 120, 0),
(23, 121, 0),
(23, 122, 0),
(23, 123, 0),
(23, 124, 0),
(24, 125, 0),
(24, 126, 0),
(24, 127, 0),
(24, 128, 1),
(24, 129, 0),
(24, 130, 0),
(25, 131, 0),
(25, 132, 0),
(25, 133, 0),
(25, 134, 0),
(25, 135, 0),
(25, 136, 1),
(26, 137, 0),
(26, 138, 0),
(26, 139, 0),
(26, 140, 1),
(26, 141, 0),
(26, 142, 0),
(27, 143, 1),
(27, 144, 0),
(27, 145, 0),
(27, 146, 0),
(27, 147, 0),
(27, 148, 0),
(28, 149, 0),
(28, 150, 0),
(28, 151, 0),
(28, 152, 1),
(28, 153, 0),
(28, 154, 0),
(29, 155, 0),
(29, 156, 0),
(29, 158, 1),
(29, 159, 0),
(29, 160, 0),
(29, 161, 0),
(30, 162, 1),
(30, 163, 0),
(30, 164, 0),
(30, 165, 0),
(30, 166, 0),
(30, 167, 0),
(31, 168, 0),
(31, 169, 0),
(31, 170, 0),
(31, 171, 1),
(31, 172, 0),
(31, 173, 0),
(32, 174, 0),
(32, 175, 0),
(32, 176, 0),
(32, 177, 0),
(32, 178, 0),
(32, 179, 1),
(33, 180, 1),
(33, 181, 0),
(33, 183, 0),
(33, 184, 0),
(33, 185, 0),
(33, 186, 0),
(34, 187, 0),
(34, 188, 0),
(34, 189, 0),
(34, 190, 1),
(34, 191, 0),
(34, 192, 0),
(35, 193, 0),
(35, 194, 0),
(35, 195, 1),
(35, 196, 0),
(35, 197, 0),
(35, 198, 0),
(36, 199, 0),
(36, 200, 0),
(36, 201, 1),
(36, 202, 0),
(36, 203, 0),
(36, 204, 0),
(37, 205, 0),
(37, 206, 0),
(37, 207, 0),
(37, 208, 1),
(37, 209, 0),
(37, 210, 0),
(38, 211, 0),
(38, 212, 1),
(38, 213, 0),
(38, 214, 0),
(38, 215, 0),
(38, 216, 0),
(39, 217, 0),
(39, 218, 0),
(39, 219, 1),
(39, 220, 0),
(39, 221, 0),
(39, 222, 0),
(40, 223, 0),
(40, 224, 0),
(40, 225, 0),
(40, 226, 1),
(40, 227, 0),
(40, 228, 0),
(41, 229, 0),
(41, 230, 1),
(41, 231, 0),
(41, 232, 0),
(41, 233, 0),
(41, 234, 0),
(42, 235, 1),
(42, 236, 0),
(42, 237, 0),
(42, 238, 0),
(42, 239, 0),
(42, 240, 0),
(43, 241, 0),
(43, 242, 0),
(43, 243, 0),
(43, 244, 0),
(43, 245, 0),
(43, 246, 1),
(44, 249, 0),
(44, 250, 0),
(44, 251, 0),
(44, 252, 1),
(44, 253, 0),
(45, 254, 0),
(45, 255, 0),
(45, 256, 0),
(45, 257, 1),
(45, 258, 0),
(45, 259, 0),
(46, 260, 0),
(46, 261, 0),
(46, 262, 0),
(46, 263, 1),
(46, 264, 0),
(46, 265, 0),
(47, 266, 0),
(47, 267, 0),
(47, 268, 0),
(47, 269, 0),
(47, 270, 1),
(47, 271, 0),
(48, 272, 0),
(48, 273, 0),
(48, 274, 0),
(48, 275, 0),
(48, 276, 0),
(48, 277, 1),
(49, 278, 1),
(49, 279, 0),
(49, 280, 0),
(49, 281, 0),
(49, 282, 0),
(49, 283, 0),
(50, 284, 0),
(50, 285, 0),
(50, 286, 0),
(50, 287, 0),
(50, 288, 1),
(50, 289, 0),
(51, 290, 0),
(51, 291, 0),
(51, 292, 0),
(51, 293, 0),
(51, 294, 1),
(51, 295, 0),
(52, 296, 0),
(52, 297, 0),
(52, 298, 0),
(52, 299, 0),
(52, 300, 0),
(52, 301, 1),
(53, 302, 0),
(53, 303, 0),
(53, 304, 0),
(53, 305, 1),
(53, 306, 0),
(53, 307, 0),
(54, 308, 1),
(54, 309, 0),
(54, 310, 0),
(54, 311, 0),
(54, 312, 0),
(54, 313, 0),
(55, 314, 0),
(55, 315, 0),
(55, 316, 1),
(55, 317, 0),
(55, 318, 0),
(55, 319, 0),
(56, 320, 0),
(56, 321, 0),
(56, 322, 0),
(56, 323, 0),
(56, 324, 0),
(56, 325, 1),
(57, 327, 0),
(57, 328, 0),
(57, 329, 0),
(57, 330, 1),
(57, 331, 0),
(57, 332, 0),
(58, 333, 0),
(58, 334, 0),
(58, 335, 0),
(58, 336, 1),
(58, 337, 0),
(58, 338, 0),
(59, 339, 0),
(59, 340, 0),
(59, 341, 0),
(59, 342, 0),
(59, 343, 1),
(59, 344, 0),
(60, 345, 0),
(60, 346, 1),
(60, 347, 0),
(60, 348, 0),
(60, 349, 0),
(60, 350, 0),
(61, 351, 0),
(61, 352, 0),
(61, 353, 0),
(61, 354, 0),
(61, 355, 0),
(61, 356, 1),
(62, 357, 0),
(62, 358, 1),
(62, 359, 0),
(62, 360, 0),
(62, 361, 0),
(62, 362, 0),
(63, 363, 0),
(63, 364, 0),
(63, 365, 0),
(63, 366, 0),
(63, 367, 0),
(63, 368, 1),
(64, 369, 0),
(64, 370, 0),
(64, 371, 0),
(64, 372, 1),
(64, 373, 0),
(64, 374, 0),
(65, 375, 0),
(65, 376, 0),
(65, 377, 0),
(65, 378, 1),
(65, 379, 0),
(65, 380, 0),
(66, 381, 0),
(66, 382, 0),
(66, 383, 0),
(66, 384, 0),
(66, 385, 0),
(66, 386, 1),
(67, 387, 1),
(67, 388, 0),
(67, 389, 0),
(67, 390, 0),
(67, 391, 0),
(67, 392, 0),
(68, 393, 1),
(68, 394, 0),
(68, 395, 0),
(68, 396, 0),
(68, 397, 0),
(68, 398, 0),
(69, 399, 0),
(69, 400, 1),
(69, 401, 0),
(69, 402, 0),
(69, 403, 0),
(69, 404, 0),
(70, 405, 0),
(70, 406, 0),
(70, 407, 1),
(70, 408, 0),
(70, 409, 0),
(70, 410, 0),
(71, 411, 0),
(71, 412, 0),
(71, 413, 0),
(71, 414, 1),
(71, 415, 0),
(71, 416, 0),
(73, 417, 1),
(73, 418, 0),
(73, 419, 0),
(73, 420, 0),
(73, 421, 0),
(73, 1040, 0),
(74, 422, 0),
(74, 423, 0),
(74, 424, 0),
(74, 425, 1),
(74, 426, 0),
(74, 427, 0),
(75, 428, 0),
(75, 429, 0),
(75, 430, 0),
(75, 431, 1),
(75, 432, 0),
(75, 433, 0),
(76, 434, 0),
(76, 435, 0),
(76, 436, 0),
(76, 437, 1),
(76, 438, 0),
(76, 439, 0),
(77, 440, 0),
(77, 441, 0),
(77, 442, 0),
(77, 443, 1),
(77, 444, 0),
(77, 445, 0),
(78, 446, 0),
(78, 447, 0),
(78, 448, 0),
(78, 449, 1),
(78, 450, 0),
(78, 451, 0),
(79, 452, 0),
(79, 453, 1),
(79, 454, 0),
(79, 455, 0),
(79, 456, 0),
(79, 457, 0),
(80, 458, 0),
(80, 459, 1),
(80, 460, 0),
(80, 461, 0),
(80, 462, 0),
(80, 463, 0),
(81, 464, 1),
(81, 465, 0),
(81, 466, 0),
(81, 467, 0),
(81, 468, 0),
(81, 469, 0),
(82, 470, 0),
(82, 471, 0),
(82, 472, 0),
(82, 473, 1),
(82, 474, 0),
(82, 475, 0),
(83, 476, 0),
(83, 477, 0),
(83, 478, 1),
(83, 479, 0),
(83, 480, 0),
(83, 481, 0),
(84, 482, 0),
(84, 483, 0),
(84, 484, 0),
(84, 485, 0),
(84, 486, 1),
(84, 487, 0),
(85, 488, 0),
(85, 489, 0),
(85, 490, 1),
(85, 491, 0),
(85, 492, 0),
(85, 493, 0),
(86, 494, 0),
(86, 495, 0),
(86, 496, 0),
(86, 497, 0),
(86, 498, 0),
(86, 499, 1),
(87, 500, 0),
(87, 501, 0),
(87, 502, 0),
(87, 503, 1),
(87, 504, 0),
(87, 505, 0),
(88, 506, 0),
(88, 507, 1),
(88, 508, 0),
(88, 509, 0),
(88, 510, 0),
(88, 511, 0),
(89, 512, 0),
(89, 513, 0),
(89, 514, 1),
(89, 515, 0),
(89, 516, 0),
(89, 517, 0),
(90, 518, 1),
(90, 519, 0),
(90, 520, 0),
(90, 521, 0),
(90, 522, 0),
(90, 523, 0),
(91, 524, 0),
(91, 525, 0),
(91, 526, 0),
(91, 527, 1),
(91, 528, 0),
(91, 529, 0),
(92, 530, 0),
(92, 531, 0),
(92, 532, 0),
(92, 533, 0),
(92, 534, 1),
(92, 535, 0),
(93, 536, 0),
(93, 537, 0),
(93, 538, 1),
(93, 539, 0),
(93, 540, 0),
(93, 541, 0),
(94, 542, 1),
(94, 543, 0),
(94, 544, 0),
(94, 545, 0),
(94, 546, 0),
(94, 547, 0),
(95, 548, 0),
(95, 549, 1),
(95, 550, 0),
(95, 551, 0),
(95, 552, 0),
(95, 553, 0),
(96, 554, 0),
(96, 555, 0),
(96, 556, 0),
(96, 557, 0),
(96, 558, 1),
(96, 559, 0),
(97, 560, 0),
(97, 561, 0),
(97, 562, 0),
(97, 563, 1),
(97, 564, 0),
(97, 565, 0),
(98, 566, 0),
(98, 567, 0),
(98, 568, 0),
(98, 569, 0),
(98, 570, 1),
(98, 571, 0),
(99, 572, 0),
(99, 573, 0),
(99, 574, 1),
(99, 575, 0),
(99, 576, 0),
(99, 577, 0),
(100, 578, 0),
(100, 579, 1),
(100, 580, 0),
(100, 581, 0),
(100, 582, 0),
(100, 583, 0),
(101, 584, 0),
(101, 585, 0),
(101, 586, 0),
(101, 587, 1),
(101, 588, 0),
(101, 589, 0),
(102, 590, 0),
(102, 591, 0),
(102, 592, 0),
(102, 593, 1),
(102, 594, 0),
(102, 595, 0),
(103, 596, 0),
(103, 597, 0),
(103, 598, 1),
(103, 599, 0),
(103, 600, 0),
(103, 601, 0),
(104, 602, 0),
(104, 603, 1),
(104, 604, 0),
(104, 605, 0),
(104, 606, 0),
(104, 607, 0),
(105, 608, 0),
(105, 609, 0),
(105, 610, 0),
(105, 611, 0),
(105, 612, 1),
(105, 613, 0),
(106, 614, 0),
(106, 615, 0),
(106, 616, 1),
(106, 617, 0),
(106, 618, 0),
(106, 619, 0),
(107, 620, 0),
(107, 621, 1),
(107, 622, 0),
(107, 623, 0),
(107, 624, 0),
(107, 625, 0),
(108, 626, 0),
(108, 627, 0),
(108, 628, 0),
(108, 629, 0),
(108, 630, 1),
(108, 631, 0),
(109, 632, 0),
(109, 633, 0),
(109, 634, 0),
(109, 635, 1),
(109, 636, 0),
(109, 637, 0),
(110, 638, 0),
(110, 639, 0),
(110, 640, 0),
(110, 641, 1),
(110, 642, 0),
(110, 643, 0),
(112, 650, 0),
(112, 651, 0),
(112, 652, 0),
(112, 653, 0),
(112, 654, 1),
(112, 655, 0),
(113, 656, 1),
(113, 657, 0),
(113, 658, 0),
(113, 659, 0),
(113, 660, 0),
(113, 661, 0),
(114, 662, 0),
(114, 663, 0),
(114, 664, 0),
(114, 665, 1),
(114, 666, 0),
(114, 667, 0),
(115, 668, 0),
(115, 669, 0),
(115, 670, 0),
(115, 671, 0),
(115, 672, 0),
(115, 673, 1),
(116, 674, 0),
(116, 675, 0),
(116, 676, 0),
(116, 677, 0),
(116, 678, 1),
(116, 679, 0),
(117, 680, 1),
(117, 681, 0),
(117, 682, 0),
(117, 683, 0),
(117, 684, 0),
(117, 685, 0),
(118, 686, 0),
(118, 687, 0),
(118, 688, 0),
(118, 689, 0),
(118, 690, 1),
(118, 691, 0),
(119, 692, 0),
(119, 693, 1),
(119, 694, 0),
(119, 695, 0),
(119, 696, 0),
(119, 697, 0),
(120, 698, 0),
(120, 699, 0),
(120, 700, 0),
(120, 701, 0),
(120, 702, 0),
(120, 703, 1),
(121, 704, 0),
(121, 705, 0),
(121, 706, 1),
(121, 707, 0),
(121, 708, 0),
(121, 709, 0),
(122, 710, 0),
(122, 711, 1),
(122, 712, 0),
(122, 713, 0),
(122, 714, 0),
(122, 715, 0),
(123, 716, 0),
(123, 717, 0),
(123, 718, 0),
(123, 719, 1),
(123, 720, 0),
(123, 721, 0),
(124, 722, 0),
(124, 723, 0),
(124, 724, 0),
(124, 725, 0),
(124, 726, 1),
(124, 727, 0),
(125, 728, 0),
(125, 729, 0),
(125, 730, 1),
(125, 731, 0),
(125, 732, 0),
(125, 733, 0),
(126, 734, 0),
(126, 735, 0),
(126, 736, 0),
(126, 737, 0),
(126, 738, 1),
(126, 739, 0),
(127, 740, 0),
(127, 741, 1),
(127, 742, 0),
(127, 743, 0),
(127, 744, 0),
(127, 745, 0),
(128, 746, 0),
(128, 747, 0),
(128, 748, 0),
(128, 749, 0),
(128, 750, 1),
(128, 751, 0),
(129, 752, 0),
(129, 753, 0),
(129, 754, 0),
(129, 755, 0),
(129, 756, 1),
(129, 757, 0),
(130, 758, 0),
(130, 759, 0),
(130, 760, 0),
(130, 761, 0),
(130, 762, 0),
(130, 763, 1),
(131, 764, 0),
(131, 765, 0),
(131, 766, 0),
(131, 767, 1),
(131, 768, 0),
(131, 769, 0),
(132, 770, 0),
(132, 771, 1),
(132, 772, 0),
(132, 773, 0),
(132, 774, 0),
(132, 775, 0),
(133, 776, 1),
(133, 777, 0),
(133, 778, 0),
(133, 779, 0),
(133, 780, 0),
(133, 781, 0),
(134, 782, 0),
(134, 783, 1),
(134, 784, 0),
(134, 785, 0),
(134, 786, 0),
(134, 787, 0),
(135, 788, 0),
(135, 789, 0),
(135, 790, 0),
(135, 791, 1),
(135, 792, 0),
(135, 793, 0),
(136, 794, 0),
(136, 795, 0),
(136, 796, 1),
(136, 797, 0),
(136, 798, 0),
(136, 799, 0),
(137, 800, 1),
(137, 801, 0),
(137, 802, 0),
(137, 803, 0),
(137, 804, 0),
(137, 805, 0),
(138, 806, 0),
(138, 807, 0),
(138, 808, 1),
(138, 809, 0),
(138, 810, 0),
(138, 811, 0),
(139, 812, 1),
(139, 813, 0),
(139, 814, 0),
(139, 815, 0),
(139, 816, 0),
(139, 817, 0),
(140, 818, 0),
(140, 819, 0),
(140, 820, 0),
(140, 821, 0),
(140, 822, 1),
(140, 823, 0),
(141, 824, 0),
(141, 825, 0),
(141, 826, 1),
(141, 827, 0),
(141, 828, 0),
(141, 829, 0),
(142, 830, 0),
(142, 831, 0),
(142, 832, 0),
(142, 833, 0),
(142, 834, 1),
(142, 835, 0),
(143, 836, 0),
(143, 837, 0),
(143, 838, 1),
(143, 839, 0),
(143, 840, 0),
(143, 841, 0),
(144, 842, 0),
(144, 843, 0),
(144, 844, 1),
(144, 845, 0),
(144, 846, 0),
(144, 847, 0),
(145, 848, 0),
(145, 849, 0),
(145, 850, 0),
(145, 851, 0),
(145, 852, 1),
(145, 853, 0),
(146, 854, 1),
(146, 855, 0),
(146, 856, 0),
(146, 857, 0),
(146, 858, 0),
(146, 859, 0),
(147, 860, 0),
(147, 861, 0),
(147, 862, 0),
(147, 863, 1),
(147, 864, 0),
(147, 865, 0),
(148, 866, 0),
(148, 867, 0),
(148, 868, 1),
(148, 869, 0),
(148, 870, 0),
(148, 871, 0),
(149, 872, 0),
(149, 873, 1),
(149, 874, 0),
(149, 875, 0),
(149, 876, 0),
(149, 877, 0),
(150, 878, 0),
(150, 879, 0),
(150, 880, 0),
(150, 881, 1),
(150, 882, 0),
(150, 883, 0),
(151, 884, 1),
(151, 885, 0),
(151, 886, 0),
(151, 887, 0),
(151, 888, 0),
(151, 889, 0),
(152, 890, 0),
(152, 891, 0),
(152, 892, 0),
(152, 893, 0),
(152, 894, 1),
(152, 895, 0),
(153, 896, 0),
(153, 897, 0),
(153, 898, 0),
(153, 899, 0),
(153, 900, 0),
(153, 901, 1),
(154, 902, 0),
(154, 903, 0),
(154, 904, 0),
(154, 905, 0),
(154, 906, 0),
(154, 907, 1),
(155, 908, 0),
(155, 909, 0),
(155, 910, 0),
(155, 911, 1),
(155, 912, 0),
(155, 913, 0),
(156, 914, 0),
(156, 915, 0),
(156, 916, 1),
(156, 917, 0),
(156, 918, 0),
(156, 919, 0),
(157, 920, 1),
(157, 921, 0),
(157, 922, 0),
(157, 923, 0),
(157, 924, 0),
(157, 925, 0),
(158, 926, 1),
(158, 927, 0),
(158, 928, 0),
(158, 929, 0),
(158, 930, 0),
(158, 931, 0),
(159, 932, 0),
(159, 933, 0),
(159, 934, 0),
(159, 935, 1),
(159, 936, 0),
(159, 937, 0),
(160, 938, 0),
(160, 939, 0),
(160, 940, 1),
(160, 941, 0),
(160, 942, 0),
(160, 943, 0),
(161, 944, 0),
(161, 945, 0),
(161, 946, 0),
(161, 947, 1),
(161, 948, 0),
(161, 949, 0),
(162, 950, 0),
(162, 951, 0),
(162, 952, 1),
(162, 953, 0),
(162, 954, 0),
(162, 955, 0),
(163, 956, 0),
(163, 957, 0),
(163, 958, 0),
(163, 959, 0),
(163, 960, 1),
(163, 961, 0),
(164, 962, 0),
(164, 963, 1),
(164, 964, 0),
(164, 965, 0),
(164, 966, 0),
(164, 967, 0),
(165, 968, 0),
(165, 969, 1),
(165, 970, 0),
(165, 971, 0),
(165, 972, 0),
(165, 973, 0),
(166, 974, 0),
(166, 975, 0),
(166, 976, 1),
(166, 977, 0),
(166, 978, 0),
(166, 979, 0),
(167, 980, 1),
(167, 981, 0),
(167, 982, 0),
(167, 983, 0),
(167, 984, 0),
(167, 985, 0),
(168, 986, 0),
(168, 987, 0),
(168, 988, 0),
(168, 989, 1),
(168, 990, 0),
(168, 991, 0),
(169, 992, 0),
(169, 993, 0),
(169, 994, 0),
(169, 995, 0),
(169, 996, 1),
(169, 997, 0),
(170, 998, 0),
(170, 999, 0),
(170, 1000, 0),
(170, 1001, 0),
(170, 1002, 1),
(170, 1003, 0),
(171, 1004, 0),
(171, 1005, 0),
(171, 1006, 1),
(171, 1007, 0),
(171, 1008, 0),
(171, 1009, 0),
(172, 1010, 0),
(172, 1011, 0),
(172, 1012, 0),
(172, 1013, 0),
(172, 1014, 0),
(172, 1015, 1),
(173, 1016, 0),
(173, 1017, 0),
(173, 1018, 0),
(173, 1019, 1),
(173, 1020, 0),
(173, 1021, 0),
(174, 1022, 0),
(174, 1023, 0),
(174, 1024, 1),
(174, 1025, 0),
(174, 1026, 0),
(174, 1027, 0),
(175, 1028, 0),
(175, 1029, 1),
(175, 1030, 0),
(175, 1031, 0),
(175, 1032, 0),
(175, 1033, 0),
(176, 1034, 0),
(176, 1035, 0),
(176, 1036, 1),
(176, 1037, 0),
(176, 1038, 0),
(176, 1039, 0);

-- --------------------------------------------------------

--
-- Structure de la table `utilisateur`
--

CREATE TABLE `utilisateur` (
  `id_util` int(10) NOT NULL,
  `nom` varchar(20) COLLATE utf8_bin NOT NULL,
  `prenom` varchar(20) COLLATE utf8_bin NOT NULL,
  `date_naissance` date NOT NULL,
  `adresse` varchar(40) COLLATE utf8_bin NOT NULL DEFAULT 'Non Défini',
  `email` varchar(50) COLLATE utf8_bin NOT NULL,
  `nom_univ` varchar(50) COLLATE utf8_bin NOT NULL,
  `id_fil` int(10) NOT NULL,
  `nom_util` varchar(20) COLLATE utf8_bin NOT NULL,
  `mot_de_passe` varchar(256) COLLATE utf8_bin NOT NULL,
  `titre` varchar(20) COLLATE utf8_bin NOT NULL DEFAULT 'utilisateur',
  `niveau` int(3) NOT NULL DEFAULT '1',
  `xp` int(11) NOT NULL DEFAULT '0',
  `option_sport` tinyint(1) NOT NULL DEFAULT '0',
  `admin` tinyint(1) NOT NULL DEFAULT '0',
  `banni` tinyint(1) NOT NULL DEFAULT '0',
  `verifier` tinyint(1) NOT NULL DEFAULT '0',
  `avatar` varchar(256) COLLATE utf8_bin DEFAULT '0.png'
) ENGINE=InnoDB DEFAULT CHARSET=utf8 COLLATE=utf8_bin;

--
-- Déchargement des données de la table `utilisateur`
--

INSERT INTO `utilisateur` (`id_util`, `nom`, `prenom`, `date_naissance`, `adresse`, `email`, `nom_univ`, `id_fil`, `nom_util`, `mot_de_passe`, `titre`, `niveau`, `xp`, `option_sport`, `admin`, `banni`, `verifier`, `avatar`) VALUES
(1, 'Guivarch', 'Yoann', '1998-11-24', 'Nouméa', 'yoann.guivarch@etudiant.univ-nc.nc', 'UNC', 1, 'azertyuiop', '2030606f415d22e1d6960409082c935213ce6ffb71ab272ceedfc94a597dd75a', 'admin', 2, 20, 0, 1, 0, 1, '0.png'),
(2, 'Guerreschi', 'Christophe', '0000-00-00', 'Non Défini', 'christophe.guerreschi@etudiant.univ-nc.nc', 'UNC', 1, 'qwerty', 'qwerty', 'utilisateur', 1, 0, 1, 1, 0, 1, '0.png'),
(3, 'Laurent', 'Arnaud', '0000-00-00', 'Non Défini', 'arnaud.laurent1@etudiant.univ-nc.nc', 'UNC', 1, 'theworld', 'theworld', 'utilisateur', 1, 0, 0, 1, 0, 1, '0.png'),
(6, 'Marley', 'Bob', '2001-01-01', 'Jamaica', 'Bob@Marley.com', 'Kanabis', 1, 'Bobby', '2030606f415d22e1d6960409082c935213ce6ffb71ab272ceedfc94a597dd75a', 'admin', 1, 0, 0, 1, 0, 1, '0.png'),
(7, 'Marley', 'Bob', '2001-01-01', 'Jamaica', 'Bob@Marley.com', 'Kanabis', 2, 'Bobby2', '2030606f415d22e1d6960409082c935213ce6ffb71ab272ceedfc94a597dd75a', 'utilisateur', 1, 15, 0, 0, 0, 0, '0.png'),
(8, 'Marley', 'Bob', '2001-01-01', 'Jamaica', 'Bob@Marley.com', 'Kanabis', 2, 'Bobby3', '2030606f415d22e1d6960409082c935213ce6ffb71ab272ceedfc94a597dd75a', 'utilisateur', 1, 0, 0, 0, 0, 0, '0.png'),
(9, 'Marley', 'Bob', '2001-01-01', 'Jamaica', 'Bob@Marley.com', 'Kanabis', 2, 'Bobby4', '2030606f415d22e1d6960409082c935213ce6ffb71ab272ceedfc94a597dd75a', 'utilisateur', 1, 0, 0, 0, 0, 0, '0.png'),
(11, 'Marley', 'Bob', '2001-01-01', 'Jamaica', 'Bob@Marley.com', 'Kanabis', 9, 'Bobby5', '2030606f415d22e1d6960409082c935213ce6ffb71ab272ceedfc94a597dd75a', 'utilisateur', 1, 0, 0, 0, 0, 0, '0.png'),
(12, 'Marley', 'Bob', '2001-01-01', 'Jamaica', 'Bob@Marley.com', 'Kanabis', 6, 'Bobby6', '2030606f415d22e1d6960409082c935213ce6ffb71ab272ceedfc94a597dd75a', 'utilisateur', 1, 0, 0, 0, 0, 0, '0.png'),
(15, 'Marley', 'Bob', '0000-00-00', 'Jamaica', 'Bob@Marley.com', 'Kanabis', 4, 'Bobby7', '0147b7a00fcf1d2df53444fc8d328af2dd7a82edffdb9d63f23f314a0e6940cb', 'utilisateur', 1, 0, 0, 0, 0, 0, '15.png'),
(16, 'Marley', 'Bob', '2001-01-01', 'Jamaica', 'Bob@Marley.com', 'Kanabis', 3, 'Bobby8', '0147b7a00fcf1d2df53444fc8d328af2dd7a82edffdb9d63f23f314a0e6940cb', 'utilisateur', 1, 0, 0, 0, 0, 0, '0.png'),
(17, 'Marley', 'Bob', '2001-01-01', 'Jamaica', 'Bob@Marley.com', 'Kanabis', 1, 'Bobby9', '12809dc9fd54626c67becc04d3b5a26f32c9c9686536635448dd3e5fc7879bf5', 'utilisateur', 1, 0, 0, 0, 0, 0, '0.png'),
(18, 'Marley', 'Bob', '2001-01-01', 'Jamaica', 'Bob@Marley.com', 'Kanabis', 1, 'Bobby11', '2030606f415d22e1d6960409082c935213ce6ffb71ab272ceedfc94a597dd75a', 'utilisateur', 1, 0, 0, 0, 0, 0, '0.png');

--
-- Index pour les tables déchargées
--

--
-- Index pour la table `avatar`
--
ALTER TABLE `avatar`
  ADD PRIMARY KEY (`id_avt`),
  ADD KEY `id_util` (`id_util`);

--
-- Index pour la table `a_repondue`
--
ALTER TABLE `a_repondue`
  ADD PRIMARY KEY (`id_util`,`id_q`),
  ADD KEY `id_q` (`id_q`);

--
-- Index pour la table `a_un_score_de`
--
ALTER TABLE `a_un_score_de`
  ADD PRIMARY KEY (`id_util`,`id_mat`),
  ADD KEY `id_mat` (`id_mat`);

--
-- Index pour la table `demande_ami`
--
ALTER TABLE `demande_ami`
  ADD PRIMARY KEY (`id_dem`,`id_rec`),
  ADD KEY `id_rec` (`id_rec`);

--
-- Index pour la table `demande_defi`
--
ALTER TABLE `demande_defi`
  ADD PRIMARY KEY (`id_dem`,`id_rec`),
  ADD KEY `id_rec` (`id_rec`);

--
-- Index pour la table `filiere`
--
ALTER TABLE `filiere`
  ADD PRIMARY KEY (`id_fil`);

--
-- Index pour la table `force_et_faiblesse`
--
ALTER TABLE `force_et_faiblesse`
  ADD PRIMARY KEY (`id_fil`,`id_mat`),
  ADD KEY `id_mat` (`id_mat`);

--
-- Index pour la table `liste_ami`
--
ALTER TABLE `liste_ami`
  ADD PRIMARY KEY (`id_ami1`,`id_ami2`),
  ADD KEY `id_ami2` (`id_ami2`);

--
-- Index pour la table `matiere`
--
ALTER TABLE `matiere`
  ADD PRIMARY KEY (`id_mat`);

--
-- Index pour la table `message_prive`
--
ALTER TABLE `message_prive`
  ADD PRIMARY KEY (`id_dem`,`id_rec`),
  ADD KEY `id_rec` (`id_rec`),
  ADD KEY `date_envoie` (`date_envoie`);

--
-- Index pour la table `question`
--
ALTER TABLE `question`
  ADD PRIMARY KEY (`id_q`),
  ADD KEY `id_mat` (`id_mat`);

--
-- Index pour la table `reponse`
--
ALTER TABLE `reponse`
  ADD PRIMARY KEY (`id_r`);

--
-- Index pour la table `reponse_possible`
--
ALTER TABLE `reponse_possible`
  ADD PRIMARY KEY (`id_q`,`id_r`),
  ADD KEY `id_r` (`id_r`);

--
-- Index pour la table `utilisateur`
--
ALTER TABLE `utilisateur`
  ADD PRIMARY KEY (`id_util`),
  ADD KEY `id_fil` (`id_fil`);

--
-- AUTO_INCREMENT pour les tables déchargées
--

--
-- AUTO_INCREMENT pour la table `avatar`
--
ALTER TABLE `avatar`
  MODIFY `id_avt` int(10) NOT NULL AUTO_INCREMENT;
--
-- AUTO_INCREMENT pour la table `filiere`
--
ALTER TABLE `filiere`
  MODIFY `id_fil` int(10) NOT NULL AUTO_INCREMENT, AUTO_INCREMENT=12;
--
-- AUTO_INCREMENT pour la table `matiere`
--
ALTER TABLE `matiere`
  MODIFY `id_mat` int(10) NOT NULL AUTO_INCREMENT, AUTO_INCREMENT=8;
--
-- AUTO_INCREMENT pour la table `question`
--
ALTER TABLE `question`
  MODIFY `id_q` int(10) NOT NULL AUTO_INCREMENT, AUTO_INCREMENT=177;
--
-- AUTO_INCREMENT pour la table `reponse`
--
ALTER TABLE `reponse`
  MODIFY `id_r` int(10) NOT NULL AUTO_INCREMENT, AUTO_INCREMENT=1041;
--
-- AUTO_INCREMENT pour la table `utilisateur`
--
ALTER TABLE `utilisateur`
  MODIFY `id_util` int(10) NOT NULL AUTO_INCREMENT, AUTO_INCREMENT=19;
--
-- Contraintes pour les tables déchargées
--

--
-- Contraintes pour la table `avatar`
--
ALTER TABLE `avatar`
  ADD CONSTRAINT `avatar_ibfk_1` FOREIGN KEY (`id_util`) REFERENCES `utilisateur` (`id_util`) ON DELETE CASCADE ON UPDATE CASCADE;

--
-- Contraintes pour la table `a_repondue`
--
ALTER TABLE `a_repondue`
  ADD CONSTRAINT `a_repondue_ibfk_1` FOREIGN KEY (`id_q`) REFERENCES `question` (`id_q`) ON DELETE CASCADE ON UPDATE CASCADE,
  ADD CONSTRAINT `a_repondue_ibfk_2` FOREIGN KEY (`id_util`) REFERENCES `utilisateur` (`id_util`) ON DELETE CASCADE ON UPDATE CASCADE;

--
-- Contraintes pour la table `a_un_score_de`
--
ALTER TABLE `a_un_score_de`
  ADD CONSTRAINT `a_un_score_de_ibfk_1` FOREIGN KEY (`id_util`) REFERENCES `utilisateur` (`id_util`) ON DELETE CASCADE ON UPDATE CASCADE,
  ADD CONSTRAINT `a_un_score_de_ibfk_2` FOREIGN KEY (`id_mat`) REFERENCES `matiere` (`id_mat`) ON DELETE CASCADE ON UPDATE CASCADE;

--
-- Contraintes pour la table `demande_ami`
--
ALTER TABLE `demande_ami`
  ADD CONSTRAINT `demande_ami_ibfk_1` FOREIGN KEY (`id_dem`) REFERENCES `utilisateur` (`id_util`) ON DELETE CASCADE ON UPDATE CASCADE,
  ADD CONSTRAINT `demande_ami_ibfk_2` FOREIGN KEY (`id_rec`) REFERENCES `utilisateur` (`id_util`) ON DELETE CASCADE ON UPDATE CASCADE;

--
-- Contraintes pour la table `demande_defi`
--
ALTER TABLE `demande_defi`
  ADD CONSTRAINT `demande_defi_ibfk_1` FOREIGN KEY (`id_dem`) REFERENCES `utilisateur` (`id_util`) ON DELETE CASCADE ON UPDATE CASCADE,
  ADD CONSTRAINT `demande_defi_ibfk_2` FOREIGN KEY (`id_rec`) REFERENCES `utilisateur` (`id_util`) ON DELETE CASCADE ON UPDATE CASCADE;

--
-- Contraintes pour la table `liste_ami`
--
ALTER TABLE `liste_ami`
  ADD CONSTRAINT `liste_ami_ibfk_1` FOREIGN KEY (`id_ami1`) REFERENCES `utilisateur` (`id_util`) ON DELETE CASCADE ON UPDATE CASCADE,
  ADD CONSTRAINT `liste_ami_ibfk_2` FOREIGN KEY (`id_ami2`) REFERENCES `utilisateur` (`id_util`) ON DELETE CASCADE ON UPDATE CASCADE;

--
-- Contraintes pour la table `question`
--
ALTER TABLE `question`
  ADD CONSTRAINT `question_ibfk_1` FOREIGN KEY (`id_mat`) REFERENCES `matiere` (`id_mat`) ON DELETE CASCADE ON UPDATE CASCADE;

--
-- Contraintes pour la table `reponse_possible`
--
ALTER TABLE `reponse_possible`
  ADD CONSTRAINT `reponse_possible_ibfk_1` FOREIGN KEY (`id_q`) REFERENCES `question` (`id_q`) ON DELETE CASCADE ON UPDATE CASCADE,
  ADD CONSTRAINT `reponse_possible_ibfk_2` FOREIGN KEY (`id_r`) REFERENCES `reponse` (`id_r`) ON DELETE CASCADE ON UPDATE CASCADE;

--
-- Contraintes pour la table `utilisateur`
--
ALTER TABLE `utilisateur`
  ADD CONSTRAINT `utilisateur_ibfk_2` FOREIGN KEY (`id_fil`) REFERENCES `filiere` (`id_fil`) ON DELETE CASCADE ON UPDATE CASCADE;
COMMIT;

/*!40101 SET CHARACTER_SET_CLIENT=@OLD_CHARACTER_SET_CLIENT */;
/*!40101 SET CHARACTER_SET_RESULTS=@OLD_CHARACTER_SET_RESULTS */;
/*!40101 SET COLLATION_CONNECTION=@OLD_COLLATION_CONNECTION */;
